class_id,class_name,intro_session,0:house finch,1:robin,2:triceratops,3:green mamba,4:harvestman,5:toucan,6:goose,7:jellyfish,8:nematode,9:king crab,10:dugong,11:Walker hound,12:Ibizan hound,13:Saluki,14:golden retriever,15:Gordon setter,16:komondor,17:boxer,18:Tibetan mastiff,19:French bulldog,20:malamute,21:dalmatian,22:Newfoundland,23:miniature poodle,24:white wolf,25:African hunting dog,26:Arctic fox,27:lion,28:meerkat,29:ladybug,30:rhinoceros beetle,31:ant,32:black-footed ferret,33:three-toed sloth,34:rock beauty,35:aircraft carrier,36:ashcan,37:barrel,38:beer bottle,39:bookshop,40:cannon,41:carousel,42:carton,43:catamaran,44:chime,45:clog,46:cocktail shaker,47:combination lock,48:crate,49:cuirass,50:dishrag,51:dome,52:electric guitar,53:file,54:fire screen,55:frying pan,56:garbage truck,57:hair slide,58:holster,59:horizontal bar,60:hourglass,61:iPod,62:lipstick,63:miniskirt,64:missile,65:mixing bowl,66:oboe,67:organ,68:parallel bars,69:pencil box,70:photocopier,71:poncho,72:prayer rug,73:reel,74:school bus,75:scoreboard,76:slot,77:snorkel,78:solar dish,79:spider web,80:stage,81:tank,82:theater curtain,83:tile roof,84:tobacco shop,85:unicycle,86:upright,87:vase,88:wok,89:worm fence,90:yawl,91:street sign,92:consomme,93:trifle,94:hotdog,95:orange,96:cliff,97:coral reef,98:bolete,99:ear
0,house finch,0,1.000000,0.055123,-0.021741,0.009506,0.060460,0.008346,0.051227,0.002120,0.017852,0.052471,0.030257,0.001917,-0.018357,0.013784,0.015435,0.025838,0.078998,0.009132,0.004621,0.026256,-0.008164,-0.009254,0.015904,0.042274,0.006339,0.025526,-0.004206,0.030652,0.011697,0.068638,0.028173,0.053771,-0.032929,0.118863,-0.017009,0.037980,-0.008386,-0.000447,0.006852,-0.007188,-0.041478,0.003768,0.012214,-0.010845,0.008465,0.026705,0.031914,-0.039315,0.028103,-0.003945,-0.007625,-0.022803,0.007426,0.011487,0.023649,-0.009977,-0.008762,0.005586,-0.006794,0.000834,0.037756,-0.003423,0.005601,-0.009647,0.008367,-0.049416,-0.025069,-0.011918,0.020884,0.006028,0.011569,0.010083,-0.048549,-0.007489,0.054912,-0.022287,-0.036401,0.017328,-0.011788,0.002288,0.002081,-0.005211,0.045140,0.044048,-0.036568,-0.049335,-0.005777,-0.011123,0.007674,-0.003545,-0.006481,-0.045425,-0.000222,0.027655,0.042463,-0.025549,-0.034713,0.015344,0.034603,-0.012694
1,robin,0,0.055123,1.000000,-0.003472,0.025964,0.058829,-0.006076,0.046207,0.013638,0.044324,-0.005843,0.001193,0.029572,0.006171,0.006698,0.016305,0.039370,0.047480,0.069690,0.081675,0.012556,-0.036401,-0.064489,0.060743,-0.051902,-0.005734,-0.019633,-0.028935,0.028147,0.030398,0.017982,0.030825,0.082517,0.048887,0.026516,0.025006,0.079126,-0.049821,-0.013207,0.036452,0.004677,-0.000507,-0.016630,0.019090,0.025357,0.017954,0.016579,0.050674,0.034632,-0.042179,0.019452,0.015199,-0.016549,0.004355,-0.002814,-0.034743,-0.021980,0.037789,-0.001598,0.004392,-0.022048,0.060760,-0.050825,-0.022728,0.071991,0.045975,0.053544,-0.031072,0.073197,-0.004298,0.015111,-0.021622,0.029335,-0.018375,-0.039162,-0.000686,0.069430,0.018009,-0.009112,0.013108,0.033911,0.024559,-0.016836,-0.007002,0.017850,0.017766,-0.022182,-0.000122,0.010655,-0.011552,0.042592,0.034739,0.011997,-0.021168,0.004364,0.053612,0.109423,-0.002799,0.020605,0.040374,0.033001
2,triceratops,0,-0.021741,-0.003472,1.000000,0.041917,-0.021361,0.069577,-0.005605,-0.008796,0.035881,0.109549,0.076298,0.007217,0.015682,0.000273,0.039084,0.038694,0.023517,0.007539,0.033317,0.046239,-0.003815,0.031158,0.050428,-0.006959,0.073621,0.055691,0.017665,0.020043,0.086826,0.063205,0.167074,0.026838,-0.000311,0.053145,0.024953,0.006303,0.034454,0.026529,0.025530,0.042197,0.077433,0.131623,0.014320,-0.018179,0.006723,0.067910,-0.011173,-0.000118,0.026991,0.073237,0.003659,0.002943,0.030123,0.023793,0.050134,0.017391,0.001654,0.037955,-0.011484,0.018555,-0.024703,-0.021921,0.029759,0.043142,0.075665,0.028121,-0.011763,0.102167,0.001577,0.066752,0.014572,0.022223,-0.046903,0.014028,0.021951,0.086059,0.012902,0.029229,-0.001148,0.046427,0.080214,0.027748,0.056477,0.045791,-0.053076,0.056954,0.014072,0.065181,0.008060,0.083767,0.003715,-0.015368,0.017334,0.047113,0.020799,0.023436,0.018302,0.019973,-0.027059,0.010211
3,green mamba,0,0.009506,0.025964,0.041917,1.000000,0.060021,0.096220,0.033638,0.033596,0.053325,0.081917,0.094327,0.023562,0.053033,0.049898,0.034239,-0.031223,0.040856,-0.016474,0.039815,-0.067572,-0.002680,-0.060750,0.034329,-0.001661,0.064338,0.056621,0.081050,0.053151,0.072566,0.011419,0.045356,0.021662,0.050575,0.050110,0.027334,0.063210,0.038588,-0.009138,0.060119,0.045540,0.084828,0.019206,0.025350,0.017189,-0.002311,0.034141,0.005266,0.018790,-0.010961,0.045592,0.027268,-0.005751,0.040490,-0.009090,0.000891,0.062358,0.009882,-0.032819,0.046114,0.035339,-0.017873,0.003387,0.023860,0.025542,0.054306,0.037518,-0.004754,-0.023654,0.037362,0.055648,0.077401,0.016018,-0.015088,-0.028234,-0.024335,0.041969,-0.004864,0.024402,-0.014089,0.070365,0.020748,0.050295,0.001043,-0.031777,0.017219,0.042169,-0.020450,0.019633,0.068096,0.064706,0.008718,0.026113,0.040653,0.017411,-0.013338,-0.020421,-0.027086,0.016898,0.054467,-0.013721
4,harvestman,0,0.060460,0.058829,-0.021361,0.060021,1.000000,0.021075,0.086444,0.055509,0.023587,0.185251,-0.027257,-0.016148,0.009420,0.054969,0.018250,0.003115,0.043084,0.089288,0.030216,0.008233,0.034106,0.001583,0.013947,0.044821,-0.012766,0.011141,-0.008473,0.068915,0.018612,0.082768,-0.011172,0.269328,-0.002544,0.115254,-0.009948,0.009102,0.005530,0.053622,0.034854,0.020108,-0.041435,-0.027328,0.011094,-0.036581,0.002273,0.005089,-0.016122,0.039642,0.041475,-0.022347,-0.024732,0.020696,0.027444,0.039971,0.038564,0.041932,0.010464,0.047354,-0.013075,-0.001621,0.048305,-0.011244,-0.026143,0.025600,-0.028578,0.029861,-0.032964,0.060963,0.009080,-0.023471,0.059863,-0.039666,-0.000577,0.012091,-0.003432,-0.035494,-0.015002,-0.028217,-0.009414,0.143799,0.031616,-0.051869,0.035322,0.000408,-0.020945,0.011472,0.021917,0.012689,-0.002332,0.037581,-0.049789,-0.043875,0.016704,-0.001171,0.036221,-0.003203,0.007325,0.062839,0.048137,0.001093
5,toucan,0,0.008346,-0.006076,0.069577,0.096220,0.021075,1.000000,0.055705,-0.026568,0.011222,0.013196,0.019074,0.066987,0.015626,0.024505,0.044304,0.073156,0.049026,0.086890,0.036930,0.080300,0.084936,0.007726,0.020244,0.012076,0.001309,0.073472,0.011091,0.064309,0.019762,0.031765,0.065979,0.048811,0.065818,0.074028,0.101854,-0.003834,-0.024325,-0.004089,0.019877,-0.040997,-0.017913,0.053130,-0.023365,0.033010,0.010810,0.012416,-0.051497,-0.000878,-0.008659,-0.013063,-0.009430,-0.031181,0.062832,0.004025,0.021701,0.001654,-0.009554,0.053121,-0.028205,0.077769,-0.010349,0.020976,0.074990,0.021721,0.008596,-0.003029,-0.033500,0.017190,0.055593,0.046886,0.044667,-0.005610,-0.017678,0.006942,0.065265,0.013273,0.000212,0.037876,-0.006076,0.012728,0.033499,-0.049488,0.012249,-0.008422,-0.032219,0.028581,0.039397,0.015515,0.005480,0.058434,0.007652,0.006043,-0.002360,-0.004866,-0.000824,0.037187,0.047953,-0.028481,0.041842,0.035005
6,goose,0,0.051227,0.046207,-0.005605,0.033638,0.086444,0.055705,1.000000,-0.001385,-0.000284,0.000846,0.039480,0.023801,0.022066,0.024534,0.077501,0.019681,0.067287,0.043966,0.073691,0.010390,0.039272,-0.022527,0.031054,0.063124,-0.001140,0.009459,0.029456,0.045602,0.073471,0.045574,0.069752,0.050312,0.084269,0.088847,0.018458,0.054883,-0.022125,-0.053267,0.017019,-0.037161,0.000358,0.013159,0.021599,0.015478,-0.004257,0.056749,0.041906,0.011420,-0.024945,0.015003,-0.010412,0.051485,-0.027601,0.009935,0.061665,0.057910,0.044825,0.018819,0.038011,0.011560,0.048552,0.026438,-0.027256,0.020427,0.037858,-0.030102,0.011578,0.039410,0.004946,0.023131,-0.004108,0.025506,-0.014909,-0.029015,0.002862,0.026929,0.007172,-0.001630,-0.010145,0.041074,0.017181,-0.001103,0.025559,0.034214,-0.055821,0.034291,0.042610,0.037763,0.055538,0.025316,0.050518,-0.006445,-0.021862,0.010650,0.019033,-0.025727,-0.046999,0.030060,0.025723,0.008902
7,jellyfish,0,0.002120,0.013638,-0.008796,0.033596,0.055509,-0.026568,-0.001385,1.000000,0.184630,0.025154,0.126046,-0.016257,-0.002106,0.028855,0.028133,0.014605,0.014775,0.019493,0.045546,0.024972,0.034410,-0.044697,-0.006604,0.016486,-0.017532,0.018312,-0.021314,0.064946,0.005867,0.027491,-0.048929,0.011113,0.004805,0.037291,0.019765,-0.002308,0.029965,-0.014081,0.061862,-0.013719,0.009898,-0.002225,0.016084,0.052041,0.019185,-0.004947,-0.020941,0.031728,-0.038832,-0.003794,-0.042386,0.124935,-0.007425,-0.011301,0.010097,0.002625,0.050089,0.059342,0.030038,-0.079345,0.282295,0.025067,-0.053908,0.015441,0.022343,0.039030,-0.039727,-0.028831,-0.077447,0.002358,-0.002802,-0.039015,0.045795,0.052967,0.068880,-0.043994,-0.005790,0.096411,0.013733,0.065409,0.041579,0.066248,0.057033,0.012135,0.010719,0.025970,0.016639,0.069303,-0.038191,-0.025613,0.014700,-0.023633,0.070614,0.043974,0.051794,0.095013,-0.001604,0.128060,0.089119,0.035736
8,nematode,0,0.017852,0.044324,0.035881,0.053325,0.023587,0.011222,-0.000284,0.184630,1.000000,-0.035330,0.060948,0.012548,0.046408,0.080103,0.001957,-0.041845,0.025541,0.058985,-0.014240,-0.002297,0.053553,0.002106,-0.009378,0.005998,0.044371,0.013867,0.064036,0.004126,0.040483,0.054093,0.009404,0.066250,0.066350,-0.017279,0.017084,-0.026882,-0.023917,0.008697,0.018538,0.006390,-0.007068,-0.008991,-0.033483,-0.021612,0.044501,0.035733,0.032004,0.013771,0.010441,-0.008189,0.009000,0.025480,0.002355,-0.011426,-0.021521,0.046000,0.007966,0.051812,0.038211,-0.009633,0.051253,0.024057,0.037452,-0.008861,0.023488,0.028803,0.055727,0.018069,-0.020197,0.021112,-0.011960,-0.028107,0.037452,-0.006927,0.005788,-0.013488,0.008806,0.053223,0.021428,0.022271,0.052874,-0.001650,0.035850,0.008686,0.057021,0.003865,0.037160,0.025576,0.014401,-0.013581,-0.047863,-0.014618,0.048791,-0.013013,0.033017,0.043862,0.020937,-0.021411,0.080993,0.050873
9,king crab,0,0.052471,-0.005843,0.109549,0.081917,0.185251,0.013196,0.000846,0.025154,-0.035330,1.000000,0.027734,0.038658,0.025928,0.015367,0.029824,0.004189,0.070548,0.015598,-0.012417,0.004782,0.018294,-0.004665,-0.003546,0.053620,0.043875,-0.035069,-0.008071,-0.001536,-0.004543,0.030101,0.068450,0.036494,-0.007902,0.026864,0.023977,0.009783,-0.008601,0.012192,-0.000203,-0.004110,0.024523,0.031268,0.004784,0.029518,0.032378,-0.032410,-0.030505,-0.025427,0.018389,0.009736,0.013103,0.003893,-0.011314,0.028318,-0.045208,0.066908,-0.002732,0.008541,-0.020672,0.031523,-0.039295,-0.024603,0.003352,-0.061900,-0.022163,-0.004118,0.029065,-0.015834,0.017973,0.012366,0.043544,0.006433,-0.008545,-0.006535,-0.018582,-0.010090,-0.011477,0.034255,-0.068696,0.058112,0.021527,0.048835,0.047804,0.027634,0.017273,0.014261,-0.013306,-0.002010,0.055284,0.032571,0.037045,0.051223,0.050519,0.058002,0.015506,0.026673,-0.007610,0.052233,0.047600,-0.023042
10,dugong,0,0.030257,0.001193,0.076298,0.094327,-0.027257,0.019074,0.039480,0.126046,0.060948,0.027734,1.000000,0.037258,-0.006907,-0.020099,-0.016130,-0.032783,0.092051,0.060069,-0.026301,0.043016,-0.032815,0.031212,-0.005807,0.006159,0.036694,0.074140,0.020322,0.029085,-0.075156,0.014489,0.052170,0.035909,0.043256,0.049000,0.124136,0.051983,0.022813,0.000201,0.028337,-0.012075,0.137227,0.028027,0.015009,0.027953,0.033244,0.041738,-0.009295,0.000817,-0.014761,0.016868,-0.057997,-0.022123,-0.043726,-0.011879,-0.023457,0.029184,0.031514,0.024392,-0.032788,0.037610,0.003174,-0.004240,-0.041328,0.020511,0.003090,0.042223,-0.010933,0.013840,0.024792,0.028986,0.012623,-0.024142,-0.008946,0.033427,0.038162,-0.016832,0.019608,0.194409,-0.025197,0.023322,-0.007829,-0.012873,0.051830,0.022141,-0.001707,-0.012829,0.050898,0.008431,0.026299,-0.029214,0.044699,0.041084,-0.008880,0.044631,0.049213,-0.003468,-0.020364,0.118790,0.028827,-0.008554
11,Walker hound,0,0.001917,0.029572,0.007217,0.023562,-0.016148,0.066987,0.023801,-0.016257,0.012548,0.038658,0.037258,1.000000,0.310052,0.237129,-0.012292,0.059198,0.001775,0.165952,-0.042536,0.044199,0.056253,0.231521,-0.083056,0.040431,0.005719,0.046967,0.017642,0.053139,0.007509,0.040779,0.006608,0.046818,-0.028395,-0.023784,0.043154,0.001158,0.015321,-0.000058,0.073149,-0.022817,0.035816,0.058024,0.016975,0.024583,0.009865,0.049998,-0.016400,0.024403,0.006973,-0.031309,0.008825,0.006945,0.016103,-0.007602,0.058826,0.038527,0.038723,-0.032439,-0.011716,-0.013992,-0.009540,0.012069,0.003606,0.040584,-0.006286,-0.045191,-0.000919,-0.006010,-0.006108,0.001552,0.039341,0.061427,0.012027,0.010239,0.034131,0.037743,0.025723,0.012854,-0.014051,0.031794,0.000020,-0.033791,0.012468,0.028468,0.015255,0.000084,0.026334,-0.033618,0.044991,0.031761,0.030608,-0.041048,-0.025144,-0.036749,0.014901,0.005590,0.077287,-0.020888,0.020745,-0.053988
12,Ibizan hound,0,-0.018357,0.006171,0.015682,0.053033,0.009420,0.015626,0.022066,-0.002106,0.046408,0.025928,-0.006907,0.310052,1.000000,0.506881,0.033111,-0.008252,0.023111,0.146819,-0.087998,0.033628,0.052762,0.169757,-0.087931,0.086321,0.101764,0.143549,0.017185,0.089514,0.030300,-0.009930,0.030622,0.054557,0.017451,0.024553,0.020619,0.008377,0.013479,-0.024732,0.056267,-0.002196,0.020911,0.054674,0.037089,0.002036,0.051533,0.037966,0.044296,0.016461,0.021942,0.002064,-0.037919,0.002312,0.008084,0.006947,0.002110,-0.020363,0.010096,-0.026666,0.009344,0.054797,0.015318,0.048625,0.034692,0.033181,0.019281,0.000435,0.036592,-0.036878,0.065995,-0.003182,0.002593,0.014513,-0.002517,0.022914,-0.005593,0.025583,-0.029593,0.038132,-0.010206,-0.012840,0.011786,-0.022523,0.003050,0.030435,0.000949,0.056046,-0.002042,0.005888,-0.033557,0.048929,-0.007689,-0.023097,0.025300,-0.031410,0.053087,-0.016023,0.067461,-0.026215,0.028606,0.032994
13,Saluki,0,0.013784,0.006698,0.000273,0.049898,0.054969,0.024505,0.024534,0.028855,0.080103,0.015367,-0.020099,0.237129,0.506881,1.000000,0.236013,0.194920,0.039507,0.062404,0.000257,-0.040526,0.115408,0.096976,-0.083332,0.118952,0.093779,0.131301,0.042523,0.070019,0.059989,0.005092,0.029303,0.030587,-0.007965,0.086799,0.032185,-0.013981,-0.013056,-0.042218,0.032764,0.005788,0.007574,0.035186,0.000512,0.033793,0.008841,0.009050,0.027407,0.006770,0.039816,-0.042551,-0.036125,0.041860,-0.021536,0.040908,-0.012052,0.032489,0.023787,-0.002028,-0.023282,0.051000,-0.012435,0.060305,0.007661,0.026795,-0.002288,-0.015615,0.024709,-0.058351,0.069419,0.016538,0.061473,0.000146,0.001039,0.034095,0.005298,0.020411,-0.007571,-0.006851,0.031728,0.002096,0.021018,-0.007854,-0.030957,0.007990,0.017805,0.069503,-0.010312,0.017619,0.035465,0.030635,0.018166,0.047801,0.010695,-0.039400,0.023884,-0.017081,0.112769,-0.001875,0.072987,0.058763
14,golden retriever,0,0.015435,0.016305,0.039084,0.034239,0.018250,0.044304,0.077501,0.028133,0.001957,0.029824,-0.016130,-0.012292,0.033111,0.236013,1.000000,0.234700,0.000713,-0.031543,0.231108,0.021288,0.050943,0.030701,0.279273,0.029898,0.100123,0.031019,0.033854,0.094395,0.067631,0.014122,0.025215,0.021670,0.026751,0.081819,0.030590,0.046833,-0.004199,0.003837,0.026811,-0.028637,-0.037974,0.038554,-0.035181,-0.040462,-0.006949,-0.004120,0.001061,-0.038441,0.055662,-0.010059,0.033759,0.057248,0.023183,0.009560,0.000179,0.047860,-0.013820,-0.006661,0.008538,0.018917,-0.041904,0.039463,0.037630,0.027004,-0.031246,-0.016232,-0.020095,0.013215,0.009848,0.021350,-0.032581,0.045019,0.001653,0.009674,0.004872,-0.002674,0.006666,0.022982,0.013582,0.018889,0.043522,0.000268,-0.018099,0.031253,-0.039500,0.012237,-0.035571,-0.005388,0.037964,-0.025886,0.013048,0.028596,0.046058,-0.054453,-0.014585,0.015156,0.054866,0.019364,0.015017,0.026015
15,Gordon setter,0,0.025838,0.039370,0.038694,-0.031223,0.003115,0.073156,0.019681,0.014605,-0.041845,0.004189,-0.032783,0.059198,-0.008252,0.194920,0.234700,1.000000,0.041835,-0.020433,0.376348,0.042373,-0.035859,-0.005193,0.210294,0.094186,0.013313,0.066584,-0.008615,0.052687,0.081069,0.010537,0.047465,0.043087,-0.017155,0.054403,0.023887,-0.015786,0.000549,0.019049,-0.010067,0.053072,-0.017419,0.012793,0.025374,-0.031551,-0.034048,-0.005468,-0.003659,-0.023535,0.046289,-0.008774,-0.019691,0.027075,-0.033743,0.061809,0.009380,0.012497,-0.009461,-0.010223,-0.021913,-0.040812,-0.013871,-0.012019,0.029959,0.017213,0.047722,-0.041029,-0.023591,-0.037731,-0.027607,0.003113,0.025397,0.049559,-0.008174,0.051144,0.053186,0.014229,-0.029212,0.020862,0.028142,0.050819,-0.012111,0.012693,0.021325,-0.011122,0.019869,0.012256,-0.010574,0.001003,0.041978,0.016801,0.012454,-0.013252,-0.052871,-0.023340,0.015618,0.012387,0.046434,0.037071,0.044409,0.044203
16,komondor,0,0.078998,0.047480,0.023517,0.040856,0.043084,0.049026,0.067287,0.014775,0.025541,0.070548,0.092051,0.001775,0.023111,0.039507,0.000713,0.041835,1.000000,0.052714,0.069902,0.041160,0.024898,0.021802,0.138598,0.139386,0.111958,0.035586,0.041591,0.064138,-0.014129,0.000166,0.033967,-0.026014,0.027376,0.013863,-0.023242,0.002953,0.041982,0.027319,0.000630,0.075031,0.038694,0.032649,-0.004465,-0.000371,0.028694,0.014594,0.011017,-0.009350,-0.018835,-0.034285,0.064048,-0.007870,-0.034594,-0.004153,0.007353,0.016372,-0.034893,-0.002913,-0.000145,-0.042358,-0.030052,0.005071,0.044074,0.037110,0.032190,-0.076286,0.049850,0.003906,-0.035090,0.023393,0.027983,0.131363,0.048043,0.006660,0.040772,0.026336,-0.047225,0.003099,-0.000939,0.060710,0.026419,0.010710,0.098055,0.005462,0.044355,-0.022273,0.003446,0.031193,0.041952,0.030468,-0.012159,-0.010279,-0.049625,0.006794,-0.014959,-0.007329,0.030193,0.040686,0.009623,0.048857
17,boxer,0,0.009132,0.069690,0.007539,-0.016474,0.089288,0.086890,0.043966,0.019493,0.058985,0.015598,0.060069,0.165952,0.146819,0.062404,-0.031543,-0.020433,0.052714,1.000000,0.023794,0.406132,0.010929,0.127761,0.048116,0.009045,0.022093,-0.008138,-0.024992,0.063781,0.025387,0.063040,0.000342,-0.012087,0.003472,0.023830,0.002986,-0.001708,0.016723,0.040483,0.028405,0.023539,0.044589,0.037193,-0.039411,0.008973,-0.036780,0.055912,-0.125319,-0.000774,-0.027965,-0.003028,0.010178,-0.025277,-0.005663,-0.001884,-0.012205,-0.004522,0.099707,-0.044551,0.026444,0.010275,0.015835,-0.038726,0.013034,0.056068,0.023803,-0.016597,-0.022063,-0.007231,0.001998,-0.048141,0.059208,0.006488,0.004489,-0.024713,0.057091,0.086676,0.009990,0.044539,0.009781,0.034400,0.023695,-0.030663,-0.011475,-0.021569,-0.002521,0.033000,-0.018926,-0.065702,0.015386,-0.007399,-0.047675,-0.024122,0.011611,0.048193,0.005465,0.040553,0.005881,0.006278,0.012850,-0.008295
18,Tibetan mastiff,0,0.004621,0.081675,0.033317,0.039815,0.030216,0.036930,0.073691,0.045546,-0.014240,-0.012417,-0.026301,-0.042536,-0.087998,0.000257,0.231108,0.376348,0.069902,0.023794,1.000000,0.037433,0.206937,-0.043829,0.686971,0.010839,0.143968,0.102313,0.078500,0.128491,0.041706,0.003856,-0.006669,0.068077,0.037098,-0.009601,0.031355,0.063426,-0.032229,0.020728,-0.015475,0.000892,-0.011309,0.018701,-0.010198,-0.051336,-0.016841,-0.009036,-0.078749,-0.021447,0.000664,-0.074602,-0.002926,0.007719,0.020299,0.006711,0.006737,0.013439,0.009460,-0.008686,-0.066255,0.000791,0.040214,-0.004592,-0.002499,-0.011231,-0.019348,-0.011691,-0.009759,-0.024834,-0.000812,-0.015885,0.039188,0.009243,0.022127,0.008735,-0.000962,-0.006488,-0.006565,-0.045373,0.018849,0.011983,0.020331,-0.025662,0.047950,-0.012103,0.005902,0.019495,0.011222,-0.040006,-0.002959,-0.012870,0.016019,-0.058070,0.013553,0.017457,0.050125,0.000687,0.048900,-0.005908,0.078766,0.002669
19,French bulldog,0,0.026256,0.012556,0.046239,-0.067572,0.008233,0.080300,0.010390,0.024972,-0.002297,0.004782,0.043016,0.044199,0.033628,-0.040526,0.021288,0.042373,0.041160,0.406132,0.037433,1.000000,0.021085,0.033924,0.022200,0.038361,0.022699,0.045938,0.001265,0.040825,-0.008295,0.049465,0.058263,0.038217,0.013235,-0.024137,0.068648,0.002149,-0.005639,-0.005405,0.036367,0.011103,0.039501,0.042113,-0.024835,0.013027,-0.011744,0.026755,-0.041809,0.032662,-0.025514,0.004241,-0.030853,0.010920,0.010469,0.002013,-0.004526,0.024143,0.037126,0.003237,-0.031811,0.019458,-0.027098,0.000668,-0.011389,0.071537,0.009116,0.050437,0.018535,0.014687,0.030942,0.021778,0.048487,0.022114,0.006845,-0.011881,0.149659,0.043707,0.010508,0.039301,0.030460,0.018806,0.055669,0.023648,0.039791,-0.062108,-0.040770,-0.001668,-0.059959,-0.020422,0.023712,-0.015464,-0.021044,-0.040328,0.008997,0.042199,0.017308,0.036390,0.003816,0.026749,0.004543,0.030332
20,malamute,0,-0.008164,-0.036401,-0.003815,-0.002680,0.034106,0.084936,0.039272,0.034410,0.053553,0.018294,-0.032815,0.056253,0.052762,0.115408,0.050943,-0.035859,0.024898,0.010929,0.206937,0.021085,1.000000,0.055350,0.021705,0.053082,0.315719,0.079828,0.199939,0.051715,0.012150,0.066103,0.078223,0.006513,0.186044,0.045933,-0.001294,0.034805,0.024513,-0.033881,-0.013105,0.023323,-0.002940,0.055944,-0.024132,-0.014053,0.032782,0.034449,-0.024295,0.005184,0.022362,-0.037849,-0.029183,0.038138,0.022845,0.059455,0.017334,0.012574,0.068771,-0.021776,-0.003040,0.059601,0.015269,0.007354,0.000160,0.023113,0.039193,0.016652,0.041304,0.021685,0.091583,-0.034646,0.060503,0.019321,0.044549,0.032977,0.049886,0.004447,0.002011,-0.012358,-0.000697,0.006818,0.053103,0.023764,-0.052951,0.037841,0.019637,0.034403,0.057506,-0.013804,-0.000994,0.018850,0.018984,0.001539,0.036178,0.055395,0.035453,0.042349,0.172915,0.035540,-0.009651,0.022277
21,dalmatian,0,-0.009254,-0.064489,0.031158,-0.060750,0.001583,0.007726,-0.022527,-0.044697,0.002106,-0.004665,0.031212,0.231521,0.169757,0.096976,0.030701,-0.005193,0.021802,0.127761,-0.043829,0.033924,0.055350,1.000000,0.022634,0.077492,0.001492,0.101956,0.028648,0.045224,-0.009164,0.079317,0.036348,0.056434,0.020875,-0.023628,-0.001161,0.003019,0.024009,-0.002073,0.032368,0.003088,0.028173,0.033960,-0.057071,-0.000332,0.010824,0.028763,-0.020650,0.042276,0.020710,0.036203,0.016261,0.024731,0.023406,0.009276,0.022468,-0.018006,0.004702,-0.000238,0.018515,0.006247,-0.038723,0.020550,0.029578,0.059563,-0.011576,0.005918,0.023256,0.036157,0.001832,0.043093,-0.019459,0.050424,-0.002203,0.038484,0.032127,0.011857,0.025232,0.041594,0.001976,0.049675,-0.012836,0.008294,0.019653,-0.006449,-0.025925,0.023745,-0.002895,0.043702,-0.012945,0.055758,0.020049,-0.013366,-0.010135,0.086728,0.043238,0.005862,0.035319,-0.046745,-0.016434,-0.024859
22,Newfoundland,0,0.015904,0.060743,0.050428,0.034329,0.013947,0.020244,0.031054,-0.006604,-0.009378,-0.003546,-0.005807,-0.083056,-0.087931,-0.083332,0.279273,0.210294,0.138598,0.048116,0.686971,0.022200,0.021705,0.022634,1.000000,0.067884,0.110186,0.063680,0.080181,0.066679,0.038950,-0.014377,-0.002835,0.035495,0.026503,-0.007433,0.040315,0.052232,-0.026108,0.031463,0.011867,-0.019466,0.028573,0.057184,-0.020872,-0.054184,0.025541,-0.007407,-0.065833,-0.045316,-0.003013,-0.002911,0.018570,0.020945,0.022318,-0.011542,0.006694,0.049998,-0.003347,-0.011608,-0.052600,0.012143,-0.008404,-0.019063,-0.022706,0.008468,-0.038961,-0.018601,0.003765,0.001818,-0.006067,0.009095,0.015139,0.078793,-0.005547,-0.047147,-0.021724,-0.024577,-0.033792,0.021397,-0.005717,0.053299,0.041925,-0.017726,0.014895,-0.007425,-0.031632,0.056411,0.007688,-0.010546,0.010493,-0.014357,-0.015563,-0.011294,-0.007642,0.013232,0.034987,-0.017639,0.057413,0.023705,0.033899,-0.001297
23,miniature poodle,0,0.042274,-0.051902,-0.006959,-0.001661,0.044821,0.012076,0.063124,0.016486,0.005998,0.053620,0.006159,0.040431,0.086321,0.118952,0.029898,0.094186,0.139386,0.009045,0.010839,0.038361,0.053082,0.077492,0.067884,1.000000,0.032780,0.039305,0.066460,0.052696,0.036679,0.034770,0.016604,0.027252,0.024814,0.009011,0.002045,0.017320,0.011974,0.008862,-0.031814,-0.037253,-0.030717,0.055379,-0.032167,-0.015467,-0.010719,0.018183,-0.020766,0.010857,0.006138,-0.004644,0.044317,0.066383,0.030081,-0.010153,-0.009464,-0.017736,0.033191,0.009867,0.001369,0.044565,0.015836,0.024508,-0.016284,0.027312,-0.001353,-0.006246,0.003037,0.010772,0.042409,0.012549,0.028266,0.031634,-0.008287,0.018737,0.034283,-0.009817,0.072387,0.022367,0.027454,0.022484,-0.030588,0.053026,-0.013989,0.044869,-0.047360,0.082665,-0.035377,0.012018,-0.029766,0.016691,-0.005624,0.000281,-0.053001,-0.017378,0.036496,0.030572,-0.016887,0.017487,-0.013973,0.065904
24,white wolf,0,0.006339,-0.005734,0.073621,0.064338,-0.012766,0.001309,-0.001140,-0.017532,0.044371,0.043875,0.036694,0.005719,0.101764,0.093779,0.100123,0.013313,0.111958,0.022093,0.143968,0.022699,0.315719,0.001492,0.110186,0.032780,1.000000,0.145278,0.683644,0.097155,0.057960,-0.023668,0.027300,-0.010925,0.033153,0.007562,0.058592,0.005469,0.020652,0.001405,0.004457,-0.010117,0.011284,-0.043520,-0.056924,0.020659,0.001358,-0.005596,0.003493,-0.004943,0.006957,-0.017852,-0.014316,0.018168,0.008493,-0.002423,0.000618,-0.011091,0.026164,-0.032080,-0.032430,0.048189,-0.074278,0.022752,0.022864,-0.012908,0.038792,0.002436,-0.013290,0.018943,0.071431,0.025672,0.005998,-0.017350,-0.016357,0.039213,0.026578,-0.018381,-0.085802,-0.035255,0.024860,0.015627,0.003674,-0.008773,0.040122,0.025014,-0.005278,0.045186,0.015964,-0.042234,-0.037442,0.029339,-0.002494,-0.016320,0.038535,0.056037,-0.019770,0.075057,0.041440,0.024284,0.024292,0.035013
25,African hunting dog,0,0.025526,-0.019633,0.055691,0.056621,0.011141,0.073472,0.009459,0.018312,0.013867,-0.035069,0.074140,0.046967,0.143549,0.131301,0.031019,0.066584,0.035586,-0.008138,0.102313,0.045938,0.079828,0.101956,0.063680,0.039305,0.145278,1.000000,0.143925,0.121899,0.052864,0.046416,0.062988,0.067136,0.084937,0.091699,0.039513,0.068517,0.062955,0.027384,-0.050148,-0.029124,0.029833,0.053326,-0.008434,-0.005502,0.038823,0.012816,-0.019416,0.075487,0.043514,-0.008326,0.001940,0.021399,0.042315,0.021275,0.057364,-0.006186,0.001592,0.014996,-0.059332,0.031986,0.024244,0.055010,-0.052454,-0.036505,0.074284,-0.019510,0.003425,0.021803,0.028263,0.078079,0.061061,0.015923,0.060828,0.045260,0.044111,0.039249,0.004126,0.061380,0.033476,0.050182,-0.003378,0.071961,0.064692,0.036819,-0.011375,0.007098,-0.008566,0.041890,-0.026223,0.051363,-0.050062,0.041420,0.046690,-0.014622,0.029197,-0.030611,0.027152,0.013541,0.004967,0.008380
26,Arctic fox,0,-0.004206,-0.028935,0.017665,0.081050,-0.008473,0.011091,0.029456,-0.021314,0.064036,-0.008071,0.020322,0.017642,0.017185,0.042523,0.033854,-0.008615,0.041591,-0.024992,0.078500,0.001265,0.199939,0.028648,0.080181,0.066460,0.683644,0.143925,1.000000,0.064557,0.102771,-0.055716,-0.028445,-0.008813,0.167840,-0.007025,0.107301,-0.013230,-0.033135,0.034868,0.005917,-0.037173,-0.002207,-0.018178,-0.031856,0.001420,0.025100,-0.026351,-0.004231,-0.029045,0.044396,-0.055168,0.008981,0.001743,0.011368,-0.022337,0.000570,0.012612,-0.013994,0.006849,-0.043707,0.083633,-0.022965,-0.012097,-0.008512,-0.024098,0.074364,0.020245,-0.021743,0.011728,0.092126,-0.002819,-0.008791,0.012321,0.007743,0.042293,0.046005,-0.012639,-0.038612,-0.039695,0.032672,0.009320,-0.006999,-0.025145,0.032639,0.002977,-0.036949,0.010184,0.004440,-0.048642,-0.003449,0.031011,0.009109,-0.035973,0.035095,0.041925,-0.025552,0.077565,-0.004155,0.041430,0.036049,0.015960
27,lion,0,0.030652,0.028147,0.020043,0.053151,0.068915,0.064309,0.045602,0.064946,0.004126,-0.001536,0.029085,0.053139,0.089514,0.070019,0.094395,0.052687,0.064138,0.063781,0.128491,0.040825,0.051715,0.045224,0.066679,0.052696,0.097155,0.121899,0.064557,1.000000,0.015132,0.025179,0.005137,0.030917,0.023818,0.065932,0.110325,0.051233,-0.048072,0.005858,-0.039401,0.010191,0.028592,0.029840,0.010828,0.017160,0.008999,0.014002,-0.022114,0.042595,-0.006817,0.049645,-0.020177,0.005813,0.059142,-0.045097,-0.028767,0.007623,-0.017824,-0.023391,-0.050408,-0.028087,0.045169,0.024456,-0.001340,0.019169,0.014033,-0.013183,-0.032386,-0.000483,-0.016998,-0.005512,0.033840,-0.017698,-0.001311,0.026917,0.030187,0.002288,0.020375,0.019078,0.013654,0.018080,0.037911,0.066089,0.041127,-0.000784,-0.003483,0.027046,0.043111,-0.002250,0.020758,-0.030495,0.004913,-0.022970,0.021681,-0.021826,0.080709,0.042241,0.073164,0.002541,0.076378,0.048368
28,meerkat,0,0.011697,0.030398,0.086826,0.072566,0.018612,0.019762,0.073471,0.005867,0.040483,-0.004543,-0.075156,0.007509,0.030300,0.059989,0.067631,0.081069,-0.014129,0.025387,0.041706,-0.008295,0.012150,-0.009164,0.038950,0.036679,0.057960,0.052864,0.102771,0.015132,1.000000,-0.013341,0.021656,0.017770,0.122122,0.095767,0.037254,-0.019624,-0.033928,0.035531,0.040081,-0.059645,0.008168,0.002785,-0.048248,0.033555,0.018983,0.002485,0.029112,0.004196,0.032073,0.006676,0.068462,0.000004,0.037569,-0.007165,-0.008891,0.010807,-0.013691,0.053464,0.032699,0.030142,0.069879,-0.002401,0.039794,0.036124,0.077245,0.028898,-0.010632,0.002985,0.020796,0.104242,-0.005763,0.098830,-0.004849,-0.039141,-0.035944,0.032712,0.016715,0.018427,-0.015028,0.024764,0.024855,0.033511,-0.000747,0.023712,-0.033224,0.069566,-0.005422,0.048537,0.024126,0.009689,0.024403,-0.012578,0.009116,-0.038198,0.005619,-0.005919,0.041615,-0.006665,-0.035545,-0.022808
29,ladybug,0,0.068638,0.017982,0.063205,0.011419,0.082768,0.031765,0.045574,0.027491,0.054093,0.030101,0.014489,0.040779,-0.009930,0.005092,0.014122,0.010537,0.000166,0.063040,0.003856,0.049465,0.066103,0.079317,-0.014377,0.034770,-0.023668,0.046416,-0.055716,0.025179,-0.013341,1.000000,0.101364,0.214614,0.001828,0.061039,0.079123,0.019136,0.036554,0.033768,0.007041,0.022894,0.008627,0.008232,0.012326,0.030324,-0.060340,0.057822,0.006580,0.017625,0.010813,-0.008436,-0.016593,0.048251,-0.015299,0.011325,-0.002372,0.005822,0.066863,0.022833,-0.012220,-0.041670,0.033855,0.039582,0.071360,-0.027314,0.039244,0.002927,0.022279,0.000424,-0.020770,0.034182,-0.032553,0.002294,-0.000667,0.028904,0.052395,-0.034512,-0.071968,0.026989,0.027337,0.085510,0.017966,-0.015681,0.050338,0.037557,0.006921,0.040269,-0.048725,0.063783,0.005932,0.062403,-0.000347,0.056313,0.005729,0.010043,-0.043188,0.015609,0.041946,0.017709,-0.005318,-0.020884
30,rhinoceros beetle,0,0.028173,0.030825,0.167074,0.045356,-0.011172,0.065979,0.069752,-0.048929,0.009404,0.068450,0.052170,0.006608,0.030622,0.029303,0.025215,0.047465,0.033967,0.000342,-0.006669,0.058263,0.078223,0.036348,-0.002835,0.016604,0.027300,0.062988,-0.028445,0.005137,0.021656,0.101364,1.000000,0.094379,0.020254,0.057043,-0.003293,-0.003635,0.004300,-0.030297,0.050295,0.028513,0.018680,0.046607,0.031710,-0.019278,-0.020221,0.060008,0.021428,-0.042379,-0.010238,0.066559,-0.029113,0.012449,-0.030550,0.003823,-0.010492,0.005538,0.035821,0.064833,0.069885,0.012457,-0.044366,-0.005105,0.041444,-0.015452,0.030496,-0.001366,-0.020352,0.010267,0.002627,-0.001084,0.021238,-0.033315,-0.030936,0.066184,0.023999,0.042215,0.049806,0.057813,-0.024320,0.036491,-0.034789,-0.004808,-0.011249,-0.019481,-0.003973,0.034561,0.066713,0.038747,0.036637,-0.032816,0.003701,0.004299,0.018241,0.032334,0.044818,0.018670,0.048031,0.016364,0.039250,0.001189
31,ant,0,0.053771,0.082517,0.026838,0.021662,0.269328,0.048811,0.050312,0.011113,0.066250,0.036494,0.035909,0.046818,0.054557,0.030587,0.021670,0.043087,-0.026014,-0.012087,0.068077,0.038217,0.006513,0.056434,0.035495,0.027252,-0.010925,0.067136,-0.008813,0.030917,0.017770,0.214614,0.094379,1.000000,0.027620,0.015758,-0.006753,0.061248,0.024503,0.037654,0.006309,0.018088,-0.001173,-0.002704,0.015081,-0.031739,0.003294,-0.001504,0.024264,0.060854,0.012832,0.000579,0.039199,0.029692,0.028994,0.030677,-0.006594,0.012065,0.046260,0.009828,-0.012219,-0.014898,0.096086,0.039891,0.050922,0.040996,0.005651,-0.020018,0.032547,0.042170,-0.004337,0.025992,-0.010581,-0.015458,0.045422,0.059709,-0.001292,0.030655,-0.007957,0.032499,0.028116,0.085204,0.010733,-0.005590,-0.038025,0.039762,0.014838,0.022921,-0.018270,0.051344,-0.003189,0.046547,-0.016298,0.004301,0.015550,0.007867,0.033156,-0.020896,0.018874,0.067978,0.032006,0.045553
32,black-footed ferret,0,-0.032929,0.048887,-0.000311,0.050575,-0.002544,0.065818,0.084269,0.004805,0.066350,-0.007902,0.043256,-0.028395,0.017451,-0.007965,0.026751,-0.017155,0.027376,0.003472,0.037098,0.013235,0.186044,0.020875,0.026503,0.024814,0.033153,0.084937,0.167840,0.023818,0.122122,0.001828,0.020254,0.027620,1.000000,0.074826,0.006486,0.075311,-0.034140,0.049249,0.061651,0.005925,0.057503,0.038464,0.011174,-0.002143,-0.021902,0.033671,-0.012406,-0.000902,0.009511,-0.022880,0.039211,0.024612,0.026905,0.018744,0.001591,0.012917,0.021068,-0.009423,0.085256,-0.003141,-0.026470,0.027861,-0.026328,0.005825,0.020292,0.048666,0.022094,-0.026266,-0.013979,0.060833,0.053004,0.015997,0.003302,-0.036003,0.006890,0.044443,0.059610,0.014742,-0.015716,-0.022690,0.024837,0.076191,-0.019155,-0.064003,0.039368,-0.010459,0.003648,0.031172,-0.011966,0.024068,0.012875,-0.000071,-0.029849,0.026177,-0.039777,-0.021770,0.038869,0.013608,0.003623,0.041986
33,three-toed sloth,0,0.118863,0.026516,0.053145,0.050110,0.115254,0.074028,0.088847,0.037291,-0.017279,0.026864,0.049000,-0.023784,0.024553,0.086799,0.081819,0.054403,0.013863,0.023830,-0.009601,-0.024137,0.045933,-0.023628,-0.007433,0.009011,0.007562,0.091699,-0.007025,0.065932,0.095767,0.061039,0.057043,0.015758,0.074826,1.000000,-0.012619,0.032509,0.030449,0.002473,0.052329,0.004880,0.021465,0.084199,0.006032,-0.034078,0.040215,0.008950,0.048722,0.030246,0.022827,0.025877,0.018963,0.066546,-0.026729,0.030064,0.026069,0.002315,0.047160,0.077724,0.008860,0.098867,0.056643,0.038503,0.027476,-0.032137,-0.016319,-0.025833,0.038697,-0.032279,0.047866,-0.000185,0.038223,0.013082,0.026719,0.020391,-0.005437,0.035839,0.034778,0.039913,0.031969,0.085621,0.046523,0.027769,0.062696,0.044171,0.022150,0.016311,0.033966,0.022022,-0.004100,-0.020780,-0.016600,0.046683,0.034488,-0.034602,-0.030719,-0.048710,-0.006854,0.079217,0.062003,0.015743
34,rock beauty,0,-0.017009,0.025006,0.024953,0.027334,-0.009948,0.101854,0.018458,0.019765,0.017084,0.023977,0.124136,0.043154,0.020619,0.032185,0.030590,0.023887,-0.023242,0.002986,0.031355,0.068648,-0.001294,-0.001161,0.040315,0.002045,0.058592,0.039513,0.107301,0.110325,0.037254,0.079123,-0.003293,-0.006753,0.006486,-0.012619,1.000000,-0.011979,-0.018970,0.025240,-0.024109,0.010267,-0.046930,0.035539,0.048120,0.004781,0.062337,0.056366,-0.004626,-0.078992,0.019729,0.021152,0.082409,0.025535,-0.012112,-0.047995,-0.012926,-0.012605,-0.007518,-0.001983,0.025054,-0.005587,0.004357,0.002548,0.002690,-0.016756,0.044288,0.036798,-0.007592,-0.045338,-0.021399,0.059316,0.017980,0.019138,-0.026269,0.053291,0.016377,0.049912,0.031726,0.164665,0.027138,0.012181,-0.012732,-0.008518,-0.002753,-0.036478,0.004963,-0.021021,-0.027243,0.012298,-0.021949,-0.013137,0.131584,0.012776,0.002715,-0.016824,-0.007237,0.076510,0.055372,0.356512,0.069843,-0.026942
35,aircraft carrier,0,0.037980,0.079126,0.006303,0.063210,0.009102,-0.003834,0.054883,-0.002308,-0.026882,0.009783,0.051983,0.001158,0.008377,-0.013981,0.046833,-0.015786,0.002953,-0.001708,0.063426,0.002149,0.034805,0.003019,0.052232,0.017320,0.005469,0.068517,-0.013230,0.051233,-0.019624,0.019136,-0.003635,0.061248,0.075311,0.032509,-0.011979,1.000000,-0.030152,-0.009156,0.000640,0.006392,0.034168,-0.020320,0.004368,0.044071,0.002956,0.002402,-0.001615,0.012076,-0.016894,0.008659,0.005756,0.027033,0.034807,-0.019850,-0.003289,0.017578,-0.010760,0.071827,0.054992,-0.020192,0.012063,-0.030567,-0.015723,-0.026607,0.116599,-0.003911,0.063343,-0.017422,-0.023666,0.025821,0.048767,0.002884,0.015234,-0.024665,-0.000418,0.003941,0.022169,0.025631,0.022512,-0.040450,-0.003997,0.063326,-0.005240,-0.015472,-0.028476,0.006969,-0.032413,0.013324,-0.015562,-0.035066,0.010605,0.011503,0.020403,-0.026819,-0.000564,-0.049439,0.057222,0.005111,-0.011858,0.008014
36,ashcan,0,-0.008386,-0.049821,0.034454,0.038588,0.005530,-0.024325,-0.022125,0.029965,-0.023917,-0.008601,0.022813,0.015321,0.013479,-0.013056,-0.004199,0.000549,0.041982,0.016723,-0.032229,-0.005639,0.024513,0.024009,-0.026108,0.011974,0.020652,0.062955,-0.033135,-0.048072,-0.033928,0.036554,0.004300,0.024503,-0.034140,0.030449,-0.018970,-0.030152,1.000000,0.266460,0.082558,0.097508,0.108625,0.001315,0.171158,-0.027529,0.043622,0.009680,0.160124,0.070262,0.251608,0.020064,0.001711,0.020926,-0.010586,0.198243,0.168704,0.041084,0.201132,-0.005762,-0.006200,0.009239,0.008440,0.057590,0.022965,0.077431,0.079696,0.044831,-0.002911,-0.005821,0.078064,0.038352,0.054092,0.050661,-0.017151,0.065239,0.022803,-0.001497,0.056674,0.036190,0.092075,-0.020584,0.021148,-0.019209,-0.003326,0.049365,0.085445,0.057094,0.011874,0.147022,0.090476,0.031731,-0.071013,0.114093,0.035748,-0.016922,0.011429,0.044267,0.008630,-0.009311,0.020701,0.031235
37,barrel,0,-0.000447,-0.013207,0.026529,-0.009138,0.053622,-0.004089,-0.053267,-0.014081,0.008697,0.012192,0.000201,-0.000058,-0.024732,-0.042218,0.003837,0.019049,0.027319,0.040483,0.020728,-0.005405,-0.033881,-0.002073,0.031463,0.008862,0.001405,0.027384,0.034868,0.005858,0.035531,0.033768,-0.030297,0.037654,0.049249,0.002473,0.025240,-0.009156,0.266460,1.000000,0.102659,0.049195,0.081963,0.056508,0.010529,-0.061339,0.056551,0.043188,0.060782,0.018537,0.365016,0.075533,0.013337,-0.010060,0.004201,0.022318,0.036016,0.022127,0.042473,-0.009783,-0.019148,-0.005856,0.026905,-0.088314,0.014536,0.037546,0.088972,0.047879,-0.000457,0.020236,0.003144,-0.026997,0.050552,-0.012621,0.004653,0.003471,-0.001276,0.058092,0.067846,0.017861,0.085729,0.002496,0.089331,-0.003886,0.057757,0.064249,0.074296,-0.003437,0.005781,0.060661,-0.013084,0.060068,-0.037849,0.074635,0.026703,0.055016,-0.066369,0.010132,-0.018563,-0.035604,-0.047665,0.010913
38,beer bottle,0,0.006852,0.036452,0.025530,0.060119,0.034854,0.019877,0.017019,0.061862,0.018538,-0.000203,0.028337,0.073149,0.056267,0.032764,0.026811,-0.010067,0.000630,0.028405,-0.015475,0.036367,-0.013105,0.032368,0.011867,-0.031814,0.004457,-0.050148,0.005917,-0.039401,0.040081,0.007041,0.050295,0.006309,0.061651,0.052329,-0.024109,0.000640,0.082558,0.102659,1.000000,0.020211,0.070970,-0.044649,0.039063,-0.044699,0.057078,0.072354,0.120210,0.071961,0.067256,0.019942,0.018006,-0.010643,0.064796,0.014064,-0.003133,0.049815,0.027767,-0.022583,0.042617,0.027768,0.015246,0.025161,0.018112,0.031292,0.023697,0.042487,0.025443,0.003798,0.014948,0.016004,0.062381,0.046416,0.015594,0.033250,0.000956,0.063027,0.021429,0.055537,0.004181,0.033241,0.078473,-0.043533,0.008377,0.013747,0.113139,0.027984,-0.015692,0.050892,0.047777,0.047150,-0.024373,0.043665,0.060004,0.014433,0.059737,0.043741,0.025180,0.002969,0.004472,0.016685
39,bookshop,0,-0.007188,0.004677,0.042197,0.045540,0.020108,-0.040997,-0.037161,-0.013719,0.006390,-0.004110,-0.012075,-0.022817,-0.002196,0.005788,-0.028637,0.053072,0.075031,0.023539,0.000892,0.011103,0.023323,0.003088,-0.019466,-0.037253,-0.010117,-0.029124,-0.037173,0.010191,-0.059645,0.022894,0.028513,0.018088,0.005925,0.004880,0.010267,0.006392,0.097508,0.049195,0.020211,1.000000,0.026629,-0.010375,0.121269,0.027095,0.004024,0.029586,0.006733,0.064623,0.091384,0.007897,-0.004221,0.083743,0.040787,0.122230,0.075658,0.045395,0.024043,-0.018238,0.039656,0.009060,-0.000801,0.042342,0.053083,0.032856,-0.024165,0.021954,0.048294,0.039190,0.006261,0.042005,0.043294,0.033686,0.028451,-0.002724,0.028291,0.016840,0.051496,0.003427,0.036952,0.027152,0.081879,-0.069632,0.011747,0.021275,0.565471,0.017311,0.052508,0.028083,0.061429,0.049572,-0.014680,0.102298,-0.019493,0.000616,0.017589,-0.002030,0.044218,0.072488,0.026175,0.024378
40,cannon,0,-0.041478,-0.000507,0.077433,0.084828,-0.041435,-0.017913,0.000358,0.009898,-0.007068,0.024523,0.137227,0.035816,0.020911,0.007574,-0.037974,-0.017419,0.038694,0.044589,-0.011309,0.039501,-0.002940,0.028173,0.028573,-0.030717,0.011284,0.029833,-0.002207,0.028592,0.008168,0.008627,0.018680,-0.001173,0.057503,0.021465,-0.046930,0.034168,0.108625,0.081963,0.070970,0.026629,1.000000,0.046540,0.019246,0.042055,0.104868,0.041327,-0.039660,0.042506,0.093913,0.059026,0.007679,0.057520,0.016460,0.001500,-0.025700,0.050699,0.061369,0.025408,0.050361,0.051279,-0.014397,-0.037623,0.046937,-0.001240,0.164666,0.063269,0.030062,-0.009043,0.078080,0.018677,0.042369,0.029630,-0.005832,0.049700,0.041371,0.015092,-0.034431,-0.025801,0.077037,-0.031447,0.005046,0.178582,-0.060209,0.059967,0.039558,0.029638,-0.053121,-0.015788,0.018659,0.081036,0.017507,0.069774,0.022550,-0.007579,0.010039,0.032152,0.002934,-0.032034,-0.020028,-0.017690
41,carousel,0,0.003768,-0.016630,0.131623,0.019206,-0.027328,0.053130,0.013159,-0.002225,-0.008991,0.031268,0.028027,0.058024,0.054674,0.035186,0.038554,0.012793,0.032649,0.037193,0.018701,0.042113,0.055944,0.033960,0.057184,0.055379,-0.043520,0.053326,-0.018178,0.029840,0.002785,0.008232,0.046607,-0.002704,0.038464,0.084199,0.035539,-0.020320,0.001315,0.056508,-0.044649,-0.010375,0.046540,1.000000,0.016722,0.022997,0.081127,0.074703,0.032007,0.008772,0.032871,0.062066,-0.050905,0.085578,0.049103,-0.050204,0.045254,-0.003909,0.013010,0.080654,0.026080,0.095395,-0.012755,0.025206,0.015745,0.052415,-0.009448,-0.013934,0.027406,0.050842,0.057633,-0.020312,-0.038759,-0.022000,0.036947,0.039105,0.108820,0.021675,0.146580,0.058223,0.026168,0.048859,0.099965,0.005569,0.097806,0.039052,0.016634,0.086650,-0.034950,0.039069,0.024862,0.033799,-0.032063,0.021712,0.049450,0.046041,-0.014595,-0.039001,0.009762,-0.024154,0.031944,0.029726
42,carton,0,0.012214,0.019090,0.014320,0.025350,0.011094,-0.023365,0.021599,0.016084,-0.033483,0.004784,0.015009,0.016975,0.037089,0.000512,-0.035181,0.025374,-0.004465,-0.039411,-0.010198,-0.024835,-0.024132,-0.057071,-0.020872,-0.032167,-0.056924,-0.008434,-0.031856,0.010828,-0.048248,0.012326,0.031710,0.015081,0.011174,0.006032,0.048120,0.004368,0.171158,0.010529,0.039063,0.121269,0.019246,0.016722,1.000000,0.021549,0.001127,0.035312,0.055987,0.001149,0.396619,0.006405,-0.015478,-0.038943,-0.021878,0.107522,0.103248,0.032424,0.062583,0.054008,-0.012172,0.025202,0.039989,0.039403,0.047907,0.019369,-0.028531,0.051131,-0.018319,-0.052410,0.055745,0.073018,0.070829,0.001753,0.042972,0.023619,-0.052732,0.004669,0.007332,0.017562,0.022882,-0.015895,0.054189,0.009300,-0.003794,0.055294,0.204894,0.024523,0.008762,0.107766,0.047575,0.036165,0.011035,0.031278,0.023403,0.011857,0.072046,0.057253,0.028165,0.023238,0.044014,-0.003549
43,catamaran,0,-0.010845,0.025357,-0.018179,0.017189,-0.036581,0.033010,0.015478,0.052041,-0.021612,0.029518,0.027953,0.024583,0.002036,0.033793,-0.040462,-0.031551,-0.000371,0.008973,-0.051336,0.013027,-0.014053,-0.000332,-0.054184,-0.015467,0.020659,-0.005502,0.001420,0.017160,0.033555,0.030324,-0.019278,-0.031739,-0.002143,-0.034078,0.004781,0.044071,-0.027529,-0.061339,-0.044699,0.027095,0.042055,0.022997,0.021549,1.000000,0.001919,0.013014,-0.012980,0.060411,0.003915,-0.024842,0.003112,0.040964,-0.007735,-0.021669,-0.015618,-0.049313,0.064298,-0.029872,-0.005585,0.039381,-0.027366,0.048315,-0.016453,-0.028439,0.074945,-0.019543,0.004812,0.009987,0.051874,0.010041,-0.001801,-0.023605,0.005112,0.001340,0.050486,0.008155,0.000261,0.118583,0.085421,-0.033407,-0.002809,0.080845,0.027890,0.014907,-0.021403,0.078307,-0.013052,-0.005058,-0.017912,0.002820,0.511631,0.066664,0.043895,-0.008078,0.008535,0.006588,0.118938,0.043042,0.017887,-0.006885
44,chime,0,0.008465,0.017954,0.006723,-0.002311,0.002273,0.010810,-0.004257,0.019185,0.044501,0.032378,0.033244,0.009865,0.051533,0.008841,-0.006949,-0.034048,0.028694,-0.036780,-0.016841,-0.011744,0.032782,0.010824,0.025541,-0.010719,0.001358,0.038823,0.025100,0.008999,0.018983,-0.060340,-0.020221,0.003294,-0.021902,0.040215,0.062337,0.002956,0.043622,0.056551,0.057078,0.004024,0.104868,0.081127,0.001127,0.001919,1.000000,0.092352,0.117975,0.046128,0.054657,0.069505,0.013266,0.063952,0.040043,0.036674,0.090042,0.107403,0.046106,0.074438,0.027752,0.063442,0.114697,-0.004867,0.031561,0.007880,0.070424,0.033394,0.087790,0.167181,0.051852,0.036088,0.043833,0.070072,0.047778,0.089747,0.046515,0.089761,-0.015856,0.029569,0.117401,0.083073,0.071709,-0.001401,0.042244,0.055622,0.039206,0.086539,0.048741,0.059550,0.096890,-0.003529,-0.004585,0.046205,0.032448,-0.015152,-0.011973,0.032785,-0.004822,-0.008765,-0.018267,-0.036492
45,clog,0,0.026705,0.016579,0.067910,0.034141,0.005089,0.012416,0.056749,-0.004947,0.035733,-0.032410,0.041738,0.049998,0.037966,0.009050,-0.004120,-0.005468,0.014594,0.055912,-0.009036,0.026755,0.034449,0.028763,-0.007407,0.018183,-0.005596,0.012816,-0.026351,0.014002,0.002485,0.057822,0.060008,-0.001504,0.033671,0.008950,0.056366,0.002402,0.009680,0.043188,0.072354,0.029586,0.041327,0.074703,0.035312,0.013014,0.092352,1.000000,0.016604,0.012247,0.062407,0.088565,0.016015,0.017350,0.033118,0.077673,-0.004491,0.046464,-0.003181,0.158445,0.114767,0.017835,0.030833,0.000139,0.070665,0.152201,0.024257,0.043301,0.007085,0.028690,0.032495,0.072692,0.053115,0.039210,0.056585,0.010693,0.008500,-0.018141,0.018290,0.039305,-0.028003,-0.002691,0.049219,-0.008362,0.063850,0.049251,0.065447,0.058640,-0.015949,0.095473,-0.002501,-0.033539,0.014291,0.006454,0.018069,0.000037,0.059830,0.035063,0.020324,-0.003928,-0.021919,0.053737
46,cocktail shaker,0,0.031914,0.050674,-0.011173,0.005266,-0.016122,-0.051497,0.041906,-0.020941,0.032004,-0.030505,-0.009295,-0.016400,0.044296,0.027407,0.001061,-0.003659,0.011017,-0.125319,-0.078749,-0.041809,-0.024295,-0.020650,-0.065833,-0.020766,0.003493,-0.019416,-0.004231,-0.022114,0.029112,0.006580,0.021428,0.024264,-0.012406,0.048722,-0.004626,-0.001615,0.160124,0.060782,0.120210,0.006733,-0.039660,0.032007,0.055987,-0.012980,0.117975,0.016604,1.000000,0.086993,0.051095,0.125715,-0.008903,-0.008789,-0.033021,0.015344,0.060612,0.056878,-0.032737,0.048653,0.076270,0.057251,0.105561,0.026938,0.155714,0.071841,0.064335,0.029279,0.029792,0.080399,0.064048,-0.012644,0.015613,0.020228,0.022616,0.077057,-0.064099,0.001629,0.075768,0.027615,0.022171,0.029067,0.045981,-0.031178,0.035265,0.001983,0.029853,0.019630,0.003143,0.248955,0.069120,-0.039288,-0.033943,0.005561,0.036641,0.052029,0.009475,0.016203,-0.006488,-0.024045,0.008052,0.030091
47,combination lock,0,-0.039315,0.034632,-0.000118,0.018790,0.039642,-0.000878,0.011420,0.031728,0.013771,-0.025427,0.000817,0.024403,0.016461,0.006770,-0.038441,-0.023535,-0.009350,-0.000774,-0.021447,0.032662,0.005184,0.042276,-0.045316,0.010857,-0.004943,0.075487,-0.029045,0.042595,0.004196,0.017625,-0.042379,0.060854,-0.000902,0.030246,-0.078992,0.012076,0.070262,0.018537,0.071961,0.064623,0.042506,0.008772,0.001149,0.060411,0.046128,0.012247,0.086993,1.000000,0.035070,0.021040,-0.042299,0.057057,0.112019,0.060957,0.007688,0.068277,0.034700,0.085179,0.063196,0.050519,0.001725,0.103377,0.081673,0.043814,-0.002017,0.069166,0.041302,0.062917,0.019899,0.026416,0.006416,-0.028680,0.034972,0.118757,0.011909,0.056790,0.133887,0.029151,-0.034588,0.047273,0.027176,0.030810,-0.002100,0.021920,0.041882,0.054642,0.013597,0.035683,0.052957,0.039440,-0.023451,0.055550,-0.012840,0.003074,-0.017242,0.001985,0.013924,-0.017203,-0.022599,0.035473
48,crate,0,0.028103,-0.042179,0.026991,-0.010961,0.041475,-0.008659,-0.024945,-0.038832,0.010441,0.018389,-0.014761,0.006973,0.021942,0.039816,0.055662,0.046289,-0.018835,-0.027965,0.000664,-0.025514,0.022362,0.020710,-0.003013,0.006138,0.006957,0.043514,0.044396,-0.006817,0.032073,0.010813,-0.010238,0.012832,0.009511,0.022827,0.019729,-0.016894,0.251608,0.365016,0.067256,0.091384,0.093913,0.032871,0.396619,0.003915,0.054657,0.062407,0.051095,0.035070,1.000000,0.047382,0.028543,-0.010809,0.001157,0.228872,0.105919,0.009475,0.087772,0.007124,-0.025059,0.022110,0.042222,-0.011754,0.013669,0.052513,0.043586,0.059054,0.019856,0.020889,0.056042,0.043057,0.037116,0.052523,0.025173,0.022796,-0.036554,0.040393,0.023347,0.044750,0.030979,-0.014818,0.075878,0.007374,0.024911,0.047112,0.161069,0.081884,0.009538,0.076708,0.030899,0.158280,0.014463,0.048165,0.043276,0.024319,-0.010418,0.074102,0.018763,0.014846,-0.006266,-0.006384
49,cuirass,0,-0.003945,0.019452,0.073237,0.045592,-0.022347,-0.013063,0.015003,-0.003794,-0.008189,0.009736,0.016868,-0.031309,0.002064,-0.042551,-0.010059,-0.008774,-0.034285,-0.003028,-0.074602,0.004241,-0.037849,0.036203,-0.002911,-0.004644,-0.017852,-0.008326,-0.055168,0.049645,0.006676,-0.008436,0.066559,0.000579,-0.022880,0.025877,0.021152,0.008659,0.020064,0.075533,0.019942,0.007897,0.059026,0.062066,0.006405,-0.024842,0.069505,0.088565,0.125715,0.021040,0.047382,1.000000,-0.001158,0.048131,-0.011741,0.014772,0.047318,0.008619,0.021166,0.039345,0.130727,-0.039318,-0.001296,-0.024099,0.023449,0.073504,0.031991,0.002520,0.022522,0.054353,-0.034519,-0.065409,0.006929,0.046409,0.005473,-0.008896,0.003156,0.012669,0.084036,0.083841,0.076183,0.026206,-0.007164,0.023973,0.019609,0.015330,-0.021594,0.000219,0.010435,0.063596,0.022423,0.003967,-0.000670,0.019961,0.036433,0.013797,-0.021318,0.025687,-0.004868,-0.032036,-0.021474,-0.021571
50,dishrag,0,-0.007625,0.015199,0.003659,0.027268,-0.024732,-0.009430,-0.010412,-0.042386,0.009000,0.013103,-0.057997,0.008825,-0.037919,-0.036125,0.033759,-0.019691,0.064048,0.010178,-0.002926,-0.030853,-0.029183,0.016261,0.018570,0.044317,-0.014316,0.001940,0.008981,-0.020177,0.068462,-0.016593,-0.029113,0.039199,0.039211,0.018963,0.082409,0.005756,0.001711,0.013337,0.018006,-0.004221,0.007679,-0.050905,-0.015478,0.003112,0.013266,0.016015,-0.008903,-0.042299,0.028543,-0.001158,1.000000,0.004915,-0.002893,-0.005142,-0.014574,0.045483,-0.009369,0.065174,0.103380,0.003050,-0.016176,0.075531,0.046742,0.058468,0.002524,0.023343,0.050851,-0.009487,0.007389,0.145892,-0.007919,0.415337,0.184831,0.000638,-0.014688,0.048726,-0.033549,0.009714,-0.031308,0.001160,0.009542,0.005887,0.022643,0.013733,-0.011592,-0.001960,-0.038406,0.041486,0.053477,0.070515,0.000659,0.031542,0.027034,0.003566,-0.041968,0.047299,-0.016159,0.107388,0.001330,-0.025486
51,dome,0,-0.022803,-0.016549,0.002943,-0.005751,0.020696,-0.031181,0.051485,0.124935,0.025480,0.003893,-0.022123,0.006945,0.002312,0.041860,0.057248,0.027075,-0.007870,-0.025277,0.007719,0.010920,0.038138,0.024731,0.020945,0.066383,0.018168,0.021399,0.001743,0.005813,0.000004,0.048251,0.012449,0.029692,0.024612,0.066546,0.025535,0.027033,0.020926,-0.010060,-0.010643,0.083743,0.057520,0.085578,-0.038943,0.040964,0.063952,0.017350,-0.008789,0.057057,-0.010809,0.048131,0.004915,1.000000,0.003103,0.039750,0.063241,0.017898,0.015174,0.026375,0.011581,0.020555,-0.021416,-0.031900,0.020816,-0.001597,0.025508,0.062313,0.043466,0.079125,0.020378,0.003884,-0.008161,-0.015226,0.063624,0.038567,0.070840,0.014485,0.014702,-0.005869,0.114812,0.055093,0.022786,0.062614,0.105200,0.084279,0.019337,0.030992,-0.022009,0.000485,0.035776,0.025386,0.019930,0.046324,-0.025216,0.031259,-0.022878,0.077431,0.055779,0.044103,-0.003959,0.042671
52,electric guitar,0,0.007426,0.004355,0.030123,0.040490,0.027444,0.062832,-0.027601,-0.007425,0.002355,-0.011314,-0.043726,0.016103,0.008084,-0.021536,0.023183,-0.033743,-0.034594,-0.005663,0.020299,0.010469,0.022845,0.023406,0.022318,0.030081,0.008493,0.042315,0.011368,0.059142,0.037569,-0.015299,-0.030550,0.028994,0.026905,-0.026729,-0.012112,0.034807,-0.010586,0.004201,0.064796,0.040787,0.016460,0.049103,-0.021878,-0.007735,0.040043,0.033118,-0.033021,0.112019,0.001157,-0.011741,-0.002893,0.003103,1.000000,0.036298,0.070231,-0.007770,-0.040804,0.045458,0.048264,0.039680,0.018492,0.008350,0.054408,0.069353,0.066129,0.055441,0.051084,0.041495,0.024207,0.010320,-0.016361,0.027748,0.030100,0.029231,0.010474,0.040867,0.041160,0.013009,0.026941,0.016919,0.314231,0.025816,0.057148,-0.034393,0.048429,0.040489,0.086066,-0.001459,-0.034120,-0.005389,-0.006113,0.050774,0.036329,-0.040648,0.062134,-0.000529,0.002552,-0.033506,-0.029080,0.004035
53,file,0,0.011487,-0.002814,0.023793,-0.009090,0.039971,0.004025,0.009935,-0.011301,-0.011426,0.028318,-0.011879,-0.007602,0.006947,0.040908,0.009560,0.061809,-0.004153,-0.001884,0.006711,0.002013,0.059455,0.009276,-0.011542,-0.010153,-0.002423,0.021275,-0.022337,-0.045097,-0.007165,0.011325,0.003823,0.030677,0.018744,0.030064,-0.047995,-0.019850,0.198243,0.022318,0.014064,0.122230,0.001500,-0.050204,0.107522,-0.021669,0.036674,0.077673,0.015344,0.060957,0.228872,0.014772,-0.005142,0.039750,0.036298,1.000000,0.085145,0.020342,0.033420,0.022242,-0.002623,0.014912,-0.009636,0.010422,-0.034541,0.016085,-0.001833,0.014825,-0.003532,0.036520,0.072263,-0.005376,0.288818,0.029710,-0.031197,0.011169,-0.017606,-0.003280,0.003660,-0.034038,0.026455,-0.024027,0.010081,-0.032783,0.001535,0.013534,0.100495,0.032347,0.063364,0.088376,0.041799,0.040966,0.029522,0.042995,0.007657,0.006054,-0.000147,0.030781,0.015257,0.001953,-0.033303,-0.049707
54,fire screen,0,0.023649,-0.034743,0.050134,0.000891,0.038564,0.021701,0.061665,0.010097,-0.021521,-0.045208,-0.023457,0.058826,0.002110,-0.012052,0.000179,0.009380,0.007353,-0.012205,0.006737,-0.004526,0.017334,0.022468,0.006694,-0.009464,0.000618,0.057364,0.000570,-0.028767,-0.008891,-0.002372,-0.010492,-0.006594,0.001591,0.026069,-0.012926,-0.003289,0.168704,0.036016,-0.003133,0.075658,-0.025700,0.045254,0.103248,-0.015618,0.090042,-0.004491,0.060612,0.007688,0.105919,0.047318,-0.014574,0.063241,0.070231,0.085145,1.000000,0.087127,0.010586,0.080896,-0.021138,0.064446,0.047116,-0.032292,-0.007273,0.072782,0.033738,-0.042247,-0.001286,0.065862,0.107738,0.047679,0.003826,0.039153,0.135117,0.011292,0.007492,0.061691,0.052986,-0.027839,0.120761,0.044843,0.057181,0.010428,0.109508,0.010668,0.024778,0.024118,0.079554,0.142136,0.090569,0.123224,-0.052514,0.024247,-0.037886,0.016998,-0.018658,0.037443,0.016333,0.019993,-0.004027,0.046296
55,frying pan,0,-0.009977,-0.021980,0.017391,0.062358,0.041932,0.001654,0.057910,0.002625,0.046000,0.066908,0.029184,0.038527,-0.020363,0.032489,0.047860,0.012497,0.016372,-0.004522,0.013439,0.024143,0.012574,-0.018006,0.049998,-0.017736,-0.011091,-0.006186,0.012612,0.007623,0.010807,0.005822,0.005538,0.012065,0.012917,0.002315,-0.012605,0.017578,0.041084,0.022127,0.049815,0.045395,0.050699,-0.003909,0.032424,-0.049313,0.107403,0.046464,0.056878,0.068277,0.009475,0.008619,0.045483,0.017898,-0.007770,0.020342,0.087127,1.000000,0.043961,0.055998,0.059742,-0.002501,0.016185,0.003368,0.015112,0.005959,-0.033723,0.269785,0.006219,0.011387,-0.009140,-0.008159,0.019503,0.046024,0.002510,-0.013563,-0.015252,0.031006,-0.029139,0.043198,-0.000561,0.010042,0.025659,0.011507,0.048359,0.010457,0.032557,0.048701,-0.002046,0.006093,0.666100,-0.044499,-0.001548,0.094457,0.124531,0.036794,0.008250,0.022607,0.033718,-0.000275,0.018702,0.066760
56,garbage truck,0,-0.008762,0.037789,0.001654,0.009882,0.010464,-0.009554,0.044825,0.050089,0.007966,-0.002732,0.031514,0.038723,0.010096,0.023787,-0.013820,-0.009461,-0.034893,0.099707,0.009460,0.037126,0.068771,0.004702,-0.003347,0.033191,0.026164,0.001592,-0.013994,-0.017824,-0.013691,0.066863,0.035821,0.046260,0.021068,0.047160,-0.007518,-0.010760,0.201132,0.042473,0.027767,0.024043,0.061369,0.013010,0.062583,0.064298,0.046106,-0.003181,-0.032737,0.034700,0.087772,0.021166,-0.009369,0.015174,-0.040804,0.033420,0.010586,0.043961,1.000000,-0.054665,-0.024795,-0.019484,0.055569,0.036897,0.005212,0.004914,0.127607,0.013314,0.042179,-0.018442,-0.027568,0.027764,0.057363,0.023585,0.040451,0.011906,0.174645,0.022570,0.049408,0.062199,0.104001,0.032671,0.032374,0.075970,0.036344,0.037047,0.005854,0.072051,0.015398,0.032954,0.044947,0.061703,-0.000304,0.018800,0.005280,0.018130,0.001266,-0.049443,0.051288,0.040207,-0.043617,0.038406
57,hair slide,0,0.005586,-0.001598,0.037955,-0.032819,0.047354,0.053121,0.018819,0.059342,0.051812,0.008541,0.024392,-0.032439,-0.026666,-0.002028,-0.006661,-0.010223,-0.002913,-0.044551,-0.008686,0.003237,-0.021776,-0.000238,-0.011608,0.009867,-0.032080,0.014996,0.006849,-0.023391,0.053464,0.022833,0.064833,0.009828,-0.009423,0.077724,-0.001983,0.071827,-0.005762,-0.009783,-0.022583,-0.018238,0.025408,0.080654,0.054008,-0.029872,0.074438,0.158445,0.048653,0.085179,0.007124,0.039345,0.065174,0.026375,0.045458,0.022242,0.080896,0.055998,-0.054665,1.000000,0.051584,0.036323,-0.008200,0.040090,0.075291,0.080551,-0.047061,0.074569,0.072175,0.041350,0.035907,0.172630,0.041709,0.047215,-0.000419,0.048448,0.017407,0.019158,0.057080,0.055061,0.060179,-0.052854,0.036523,-0.004245,0.069421,0.027498,-0.000016,0.063737,0.015684,0.129022,0.016069,0.075533,-0.030064,0.084209,0.070213,0.046978,0.023014,0.064763,0.011083,0.006444,0.018150,0.036075
58,holster,0,-0.006794,0.004392,-0.011484,0.046114,-0.013075,-0.028205,0.038011,0.030038,0.038211,-0.020672,-0.032788,-0.011716,0.009344,-0.023282,0.008538,-0.021913,-0.000145,0.026444,-0.066255,-0.031811,-0.003040,0.018515,-0.052600,0.001369,-0.032430,-0.059332,-0.043707,-0.050408,0.032699,-0.012220,0.069885,-0.012219,0.085256,0.008860,0.025054,0.054992,-0.006200,-0.019148,0.042617,0.039656,0.050361,0.026080,-0.012172,-0.005585,0.027752,0.114767,0.076270,0.063196,-0.025059,0.130727,0.103380,0.011581,0.048264,-0.002623,-0.021138,0.059742,-0.024795,0.051584,1.000000,-0.057940,0.029969,0.015862,0.071412,0.051881,0.051669,-0.051179,0.051279,0.075443,-0.063089,0.077495,-0.031240,0.007265,0.053093,0.046713,-0.029777,0.032827,-0.015639,-0.050566,-0.029565,0.011065,0.019200,0.057423,-0.010732,0.058487,0.042209,0.006373,0.033958,-0.014697,0.015812,0.030856,0.048626,0.032476,0.001803,-0.002058,-0.030292,-0.003287,0.001841,-0.002468,0.063393,0.005897
59,horizontal bar,0,0.000834,-0.022048,0.018555,0.035339,-0.001621,0.077769,0.011560,-0.079345,-0.009633,0.031523,0.037610,-0.013992,0.054797,0.051000,0.018917,-0.040812,-0.042358,0.010275,0.000791,0.019458,0.059601,0.006247,0.012143,0.044565,0.048189,0.031986,0.083633,-0.028087,0.030142,-0.041670,0.012457,-0.014898,-0.003141,0.098867,-0.005587,-0.020192,0.009239,-0.005856,0.027768,0.009060,0.051279,0.095395,0.025202,0.039381,0.063442,0.017835,0.057251,0.050519,0.022110,-0.039318,0.003050,0.020555,0.039680,0.014912,0.064446,-0.002501,-0.019484,0.036323,-0.057940,1.000000,0.016000,0.052122,0.044114,0.063389,0.050972,-0.008740,0.061059,0.048122,0.849300,0.030106,0.022761,0.007589,-0.012126,0.021823,-0.023897,0.059507,-0.010389,0.023717,0.053979,0.004400,0.091297,0.005470,0.063148,-0.015205,-0.007246,0.167696,0.025878,-0.008138,0.037955,0.044310,-0.030450,0.088244,-0.017029,0.029532,0.007210,0.004940,0.001357,-0.035635,-0.010826,-0.038482
60,hourglass,1,0.037756,0.060760,-0.024703,-0.017873,0.048305,-0.010349,0.048552,0.282295,0.051253,-0.039295,0.003174,-0.009540,0.015318,-0.012435,-0.041904,-0.013871,-0.030052,0.015835,0.040214,-0.027098,0.015269,-0.038723,-0.008404,0.015836,-0.074278,0.024244,-0.022965,0.045169,0.069879,0.033855,-0.044366,0.096086,-0.026470,0.056643,0.004357,0.012063,0.008440,0.026905,0.015246,-0.000801,-0.014397,-0.012755,0.039989,-0.027366,0.114697,0.030833,0.105561,0.001725,0.042222,-0.001296,-0.016176,-0.021416,0.018492,-0.009636,0.047116,0.016185,0.055569,-0.008200,0.029969,0.016000,1.000000,0.022803,0.068862,-0.010260,0.050145,0.037950,-0.019550,0.036033,0.010844,-0.036016,-0.043038,-0.014312,0.008175,0.099937,0.018130,-0.084659,-0.006919,-0.001852,0.014905,0.026682,-0.032664,0.008480,0.030075,0.039114,0.039058,-0.028449,0.049163,0.082585,-0.008726,-0.038470,0.009122,-0.049468,0.035754,0.047707,0.068778,0.014614,-0.021732,-0.022104,-0.006489,0.042279
61,iPod,1,-0.003423,-0.050825,-0.021921,0.003387,-0.011244,0.020976,0.026438,0.025067,0.024057,-0.024603,-0.004240,0.012069,0.048625,0.060305,0.039463,-0.012019,0.005071,-0.038726,-0.004592,0.000668,0.007354,0.020550,-0.019063,0.024508,0.022752,0.055010,-0.012097,0.024456,-0.002401,0.039582,-0.005105,0.039891,0.027861,0.038503,0.002548,-0.030567,0.057590,-0.088314,0.025161,0.042342,-0.037623,0.025206,0.039403,0.048315,-0.004867,0.000139,0.026938,0.103377,-0.011754,-0.024099,0.075531,-0.031900,0.008350,0.010422,-0.032292,0.003368,0.036897,0.040090,0.015862,0.052122,0.022803,1.000000,0.074576,0.050316,0.037451,-0.055065,0.017657,0.038266,0.047988,0.110346,0.037820,0.007017,0.031765,-0.011753,0.045998,-0.000408,0.028196,0.016169,0.033516,0.052222,0.053936,0.009381,0.004964,-0.046129,0.027647,0.038794,-0.054188,0.043160,0.016781,-0.023337,0.020474,0.062072,0.032128,0.012454,-0.034777,0.009130,-0.010039,-0.010828,0.050201,-0.036247
62,lipstick,1,0.005601,-0.022728,0.029759,0.023860,-0.026143,0.074990,-0.027256,-0.053908,0.037452,0.003352,-0.041328,0.003606,0.034692,0.007661,0.037630,0.029959,0.044074,0.013034,-0.002499,-0.011389,0.000160,0.029578,-0.022706,-0.016284,0.022864,-0.052454,-0.008512,-0.001340,0.039794,0.071360,0.041444,0.050922,-0.026328,0.027476,0.002690,-0.015723,0.022965,0.014536,0.018112,0.053083,0.046937,0.015745,0.047907,-0.016453,0.031561,0.070665,0.155714,0.081673,0.013669,0.023449,0.046742,0.020816,0.054408,-0.034541,-0.007273,0.015112,0.005212,0.075291,0.071412,0.044114,0.068862,0.074576,1.000000,0.149885,0.103036,0.007882,0.071368,0.050613,0.033528,0.131912,0.035090,0.035123,0.007195,0.011826,-0.004373,-0.009555,0.035180,0.018454,0.039293,0.061823,0.073000,0.026800,0.042377,0.051806,0.094166,0.055010,0.014892,0.015752,0.064756,-0.033385,0.028138,0.072699,0.029573,0.043375,0.120072,0.002515,0.011733,0.026720,0.011701,0.006168
63,miniskirt,1,-0.009647,0.071991,0.043142,0.025542,0.025600,0.021721,0.020427,0.015441,-0.008861,-0.061900,0.020511,0.040584,0.033181,0.026795,0.027004,0.017213,0.037110,0.056068,-0.011231,0.071537,0.023113,0.059563,0.008468,0.027312,-0.012908,-0.036505,-0.024098,0.019169,0.036124,-0.027314,-0.015452,0.040996,0.005825,-0.032137,-0.016756,-0.026607,0.077431,0.037546,0.031292,0.032856,-0.001240,0.052415,0.019369,-0.028439,0.007880,0.152201,0.071841,0.043814,0.052513,0.073504,0.058468,-0.001597,0.069353,0.016085,0.072782,0.005959,0.004914,0.080551,0.051881,0.063389,-0.010260,0.050316,0.149885,1.000000,0.020801,0.027575,0.051942,0.000969,0.052078,0.043947,0.016593,0.269622,0.060455,-0.008609,0.000312,0.016719,0.042591,0.071745,-0.005598,0.020204,0.133432,0.009263,0.099615,0.010918,0.031298,0.138143,0.013188,0.115744,0.003657,0.002598,-0.008934,0.047037,0.014032,0.075638,0.063900,0.033395,0.023497,-0.021521,-0.011339,0.012386
64,missile,1,0.008367,0.045975,0.075665,0.054306,-0.028578,0.008596,0.037858,0.022343,0.023488,-0.022163,0.003090,-0.006286,0.019281,-0.002288,-0.031246,0.047722,0.032190,0.023803,-0.019348,0.009116,0.039193,-0.011576,-0.038961,-0.001353,0.038792,0.074284,0.074364,0.014033,0.077245,0.039244,0.030496,0.005651,0.020292,-0.016319,0.044288,0.116599,0.079696,0.088972,0.023697,-0.024165,0.164666,-0.009448,-0.028531,0.074945,0.070424,0.024257,0.064335,-0.002017,0.043586,0.031991,0.002524,0.025508,0.066129,-0.001833,0.033738,-0.033723,0.127607,-0.047061,0.051669,0.050972,0.050145,0.037451,0.103036,0.020801,1.000000,-0.037148,0.048142,0.106342,0.081119,0.025259,0.082334,0.044362,0.057834,0.051658,-0.000664,0.113380,-0.028430,0.023845,0.117371,0.015892,0.047778,0.106789,0.021415,-0.066645,-0.038504,0.043894,0.011494,0.024083,-0.038766,0.031620,0.071322,0.060043,-0.005373,0.024039,0.038439,0.041506,0.015507,0.018051,-0.033444,0.045728
65,mixing bowl,2,-0.049416,0.053544,0.028121,0.037518,0.029861,-0.003029,-0.030102,0.039030,0.028803,-0.004118,0.042223,-0.045191,0.000435,-0.015615,-0.016232,-0.041029,-0.076286,-0.016597,-0.011691,0.050437,0.016652,0.005918,-0.018601,-0.006246,0.002436,-0.019510,0.020245,-0.013183,0.028898,0.002927,-0.001366,-0.020018,0.048666,-0.025833,0.036798,-0.003911,0.044831,0.047879,0.042487,0.021954,0.063269,-0.013934,0.051131,-0.019543,0.033394,0.043301,0.029279,0.069166,0.059054,0.002520,0.023343,0.062313,0.055441,0.014825,-0.042247,0.269785,0.013314,0.074569,-0.051179,-0.008740,0.037950,-0.055065,0.007882,0.027575,-0.037148,1.000000,0.021189,-0.002759,-0.013905,0.081226,0.014354,0.029634,-0.017233,0.008889,-0.022532,-0.028796,-0.016282,0.022816,0.069624,-0.014152,-0.004058,0.043065,-0.023895,0.007824,0.004166,0.007575,-0.067712,0.231121,0.200638,0.007927,-0.006917,-0.007960,0.089658,0.073590,-0.034183,0.144786,-0.018151,-0.017379,0.033965,0.025429
66,oboe,2,-0.025069,-0.031072,-0.011763,-0.004754,-0.032964,-0.033500,0.011578,-0.039727,0.055727,0.029065,-0.010933,-0.000919,0.036592,0.024709,-0.020095,-0.023591,0.049850,-0.022063,-0.009759,0.018535,0.041304,0.023256,0.003765,0.003037,-0.013290,0.003425,-0.021743,-0.032386,-0.010632,0.022279,-0.020352,0.032547,0.022094,0.038697,-0.007592,0.063343,-0.002911,-0.000457,0.025443,0.048294,0.030062,0.027406,-0.018319,0.004812,0.087790,0.007085,0.029792,0.041302,0.019856,0.022522,0.050851,0.043466,0.051084,-0.003532,-0.001286,0.006219,0.042179,0.072175,0.051279,0.061059,-0.019550,0.017657,0.071368,0.051942,0.048142,0.021189,1.000000,0.124342,0.046735,0.029484,0.004090,0.050415,0.016378,0.121815,-0.058564,0.014637,0.003683,0.002868,0.058209,0.029594,0.088529,0.035031,0.024095,0.002895,0.015783,0.009807,0.036348,0.039677,0.019665,0.025166,0.059035,-0.007213,0.032515,0.004221,0.046618,-0.016984,0.006935,0.002784,-0.008229,0.035014
67,organ,2,-0.011918,0.073197,0.102167,-0.023654,0.060963,0.017190,0.039410,-0.028831,0.018069,-0.015834,0.013840,-0.006010,-0.036878,-0.058351,0.013215,-0.037731,0.003906,-0.007231,-0.024834,0.014687,0.021685,0.036157,0.001818,0.010772,0.018943,0.021803,0.011728,-0.000483,0.002985,0.000424,0.010267,0.042170,-0.026266,-0.032279,-0.045338,-0.017422,-0.005821,0.020236,0.003798,0.039190,-0.009043,0.050842,-0.052410,0.009987,0.167181,0.028690,0.080399,0.062917,0.020889,0.054353,-0.009487,0.079125,0.041495,0.036520,0.065862,0.011387,-0.018442,0.041350,0.075443,0.048122,0.036033,0.038266,0.050613,0.000969,0.106342,-0.002759,0.124342,1.000000,0.028623,0.012813,-0.023762,0.016907,0.012764,0.047132,-0.013929,0.101063,0.028099,0.007673,0.074849,0.024454,0.076253,0.009471,0.193672,0.044590,0.012618,0.023206,0.148292,-0.028371,0.004502,-0.038856,-0.023617,-0.015429,0.017047,0.017302,0.060300,0.021399,0.015937,0.032204,-0.010953,0.028566
68,parallel bars,2,0.020884,-0.004298,0.001577,0.037362,0.009080,0.055593,0.004946,-0.077447,-0.020197,0.017973,0.024792,-0.006108,0.065995,0.069419,0.009848,-0.027607,-0.035090,0.001998,-0.000812,0.030942,0.091583,0.001832,-0.006067,0.042409,0.071431,0.028263,0.092126,-0.016998,0.020796,-0.020770,0.002627,-0.004337,-0.013979,0.047866,-0.021399,-0.023666,0.078064,0.003144,0.014948,0.006261,0.078080,0.057633,0.055745,0.051874,0.051852,0.032495,0.064048,0.019899,0.056042,-0.034519,0.007389,0.020378,0.024207,0.072263,0.107738,-0.009140,-0.027568,0.035907,-0.063089,0.849300,0.010844,0.047988,0.033528,0.052078,0.081119,-0.013905,0.046735,0.028623,1.000000,0.010215,0.036944,0.031915,0.007448,0.007585,-0.014885,0.045199,-0.003547,-0.003307,0.098106,-0.015857,0.053074,-0.006942,0.039064,-0.016999,-0.006775,0.182840,0.055774,0.018830,0.007098,0.078323,-0.004310,0.067067,0.003678,0.032696,0.019965,0.016932,0.001435,-0.042001,-0.008569,-0.009609
69,pencil box,2,0.006028,0.015111,0.066752,0.055648,-0.023471,0.046886,0.023131,0.002358,0.021112,0.012366,0.028986,0.001552,-0.003182,0.016538,0.021350,0.003113,0.023393,-0.048141,-0.015885,0.021778,-0.034646,0.043093,0.009095,0.012549,0.025672,0.078079,-0.002819,-0.005512,0.104242,0.034182,-0.001084,0.025992,0.060833,-0.000185,0.059316,0.025821,0.038352,-0.026997,0.016004,0.042005,0.018677,-0.020312,0.073018,0.010041,0.036088,0.072692,-0.012644,0.026416,0.043057,-0.065409,0.145892,0.003884,0.010320,-0.005376,0.047679,-0.008159,0.027764,0.172630,0.077495,0.030106,-0.036016,0.110346,0.131912,0.043947,0.025259,0.081226,0.029484,0.012813,0.010215,1.000000,-0.000155,0.009140,0.003895,0.046428,0.022074,0.019110,-0.001916,0.069712,0.034149,0.020025,-0.028596,0.056324,0.001241,0.022059,0.043351,0.025602,-0.022476,0.088214,0.060403,0.055053,-0.046748,0.037074,0.058082,0.013948,0.110795,0.005389,0.016628,0.029025,0.021274,-0.010491
70,photocopier,3,0.011569,-0.021622,0.014572,0.077401,0.059863,0.044667,-0.004108,-0.002802,-0.011960,0.043544,0.012623,0.039341,0.002593,0.061473,-0.032581,0.025397,0.027983,0.059208,0.039188,0.048487,0.060503,-0.019459,0.015139,0.028266,0.005998,0.061061,-0.008791,0.033840,-0.005763,-0.032553,0.021238,-0.010581,0.053004,0.038223,0.017980,0.048767,0.054092,0.050552,0.062381,0.043294,0.042369,-0.038759,0.070829,-0.001801,0.043833,0.053115,0.015613,0.006416,0.037116,0.006929,-0.007919,-0.008161,-0.016361,0.288818,0.003826,0.019503,0.057363,0.041709,-0.031240,0.022761,-0.043038,0.037820,0.035090,0.016593,0.082334,0.014354,0.004090,-0.023762,0.036944,-0.000155,1.000000,0.030177,-0.026559,-0.037139,-0.010275,-0.022897,-0.001024,-0.024371,0.016403,0.012985,0.002278,-0.004193,0.024745,-0.006117,-0.000371,0.004829,0.023006,0.042791,0.004767,0.036585,-0.015052,-0.022472,-0.037985,0.025174,0.012264,0.030593,0.000816,-0.004130,-0.073439,0.010301
71,poncho,3,0.010083,0.029335,0.022223,0.016018,-0.039666,-0.005610,0.025506,-0.039015,-0.028107,0.006433,-0.024142,0.061427,0.014513,0.000146,0.045019,0.049559,0.131363,0.006488,0.009243,0.022114,0.019321,0.050424,0.078793,0.031634,-0.017350,0.015923,0.012321,-0.017698,0.098830,0.002294,-0.033315,-0.015458,0.015997,0.013082,0.019138,0.002884,0.050661,-0.012621,0.046416,0.033686,0.029630,-0.022000,0.001753,-0.023605,0.070072,0.039210,0.020228,-0.028680,0.052523,0.046409,0.415337,-0.015226,0.027748,0.029710,0.039153,0.046024,0.023585,0.047215,0.007265,0.007589,-0.014312,0.007017,0.035123,0.269622,0.044362,0.029634,0.050415,0.016907,0.031915,0.009140,0.030177,1.000000,0.108776,0.014798,0.012377,0.041945,0.022558,0.022881,0.002532,0.038119,0.093823,0.008009,0.051505,-0.008814,0.009845,0.085256,0.029252,0.065923,0.041411,-0.009272,0.002634,0.037907,-0.024298,-0.014890,-0.008420,0.026769,0.046857,0.024265,-0.012127,0.007994
72,prayer rug,3,-0.048549,-0.018375,-0.046903,-0.015088,-0.000577,-0.017678,-0.014909,0.045795,0.037452,-0.008545,-0.008946,0.012027,-0.002517,0.001039,0.001653,-0.008174,0.048043,0.004489,0.022127,0.006845,0.044549,-0.002203,-0.005547,-0.008287,-0.016357,0.060828,0.007743,-0.001311,-0.004849,-0.000667,-0.030936,0.045422,0.003302,0.026719,-0.026269,0.015234,-0.017151,0.004653,0.015594,0.028451,-0.005832,0.036947,0.042972,0.005112,0.047778,0.056585,0.022616,0.034972,0.025173,0.005473,0.184831,0.063624,0.030100,-0.031197,0.135117,0.002510,0.040451,-0.000419,0.053093,-0.012126,0.008175,0.031765,0.007195,0.060455,0.057834,-0.017233,0.016378,0.012764,0.007448,0.003895,-0.026559,0.108776,1.000000,0.006700,0.011965,0.032569,0.045319,0.010974,-0.025578,-0.004978,0.047480,0.044649,0.057089,0.028513,0.039462,0.008504,0.027219,0.061531,-0.008621,0.027111,-0.016878,0.021650,0.024409,-0.050318,-0.046114,-0.019586,0.002110,-0.003458,-0.003942,-0.000676
73,reel,3,-0.007489,-0.039162,0.014028,-0.028234,0.012091,0.006942,-0.029015,0.052967,-0.006927,-0.006535,0.033427,0.010239,0.022914,0.034095,0.009674,0.051144,0.006660,-0.024713,0.008735,-0.011881,0.032977,0.038484,-0.047147,0.018737,0.039213,0.045260,0.042293,0.026917,-0.039141,0.028904,0.066184,0.059709,-0.036003,0.020391,0.053291,-0.024665,0.065239,0.003471,0.033250,-0.002724,0.049700,0.039105,0.023619,0.001340,0.089747,0.010693,0.077057,0.118757,0.022796,-0.008896,0.000638,0.038567,0.029231,0.011169,0.011292,-0.013563,0.011906,0.048448,0.046713,0.021823,0.099937,-0.011753,0.011826,-0.008609,0.051658,0.008889,0.121815,0.047132,0.007585,0.046428,-0.037139,0.014798,0.006700,1.000000,0.002536,-0.008192,0.087932,0.062485,0.073497,0.080161,0.010054,0.009362,0.033543,0.022603,0.015882,0.088224,0.033136,0.027563,-0.010306,-0.000999,0.011755,-0.014536,0.057873,0.007489,-0.018843,-0.003293,-0.002180,0.062511,0.052733,-0.018173
74,school bus,3,0.054912,-0.000686,0.021951,-0.024335,-0.003432,0.065265,0.002862,0.068880,0.005788,-0.018582,0.038162,0.034131,-0.005593,0.005298,0.004872,0.053186,0.040772,0.057091,-0.000962,0.149659,0.049886,0.032127,-0.021724,0.034283,0.026578,0.044111,0.046005,0.030187,-0.035944,0.052395,0.023999,-0.001292,0.006890,-0.005437,0.016377,-0.000418,0.022803,-0.001276,0.000956,0.028291,0.041371,0.108820,-0.052732,0.050486,0.046515,0.008500,-0.064099,0.011909,-0.036554,0.003156,-0.014688,0.070840,0.010474,-0.017606,0.007492,-0.015252,0.174645,0.017407,-0.029777,-0.023897,0.018130,0.045998,-0.004373,0.000312,-0.000664,-0.022532,-0.058564,-0.013929,-0.014885,0.022074,-0.010275,0.012377,0.011965,0.002536,1.000000,0.020429,0.103751,0.008423,0.043106,-0.020190,0.004426,0.062266,0.015759,0.040352,0.005828,-0.002064,-0.028447,-0.067227,-0.010593,0.096406,-0.007962,0.063137,-0.006384,-0.051627,0.024117,0.045334,-0.032688,-0.002013,0.016253,0.033613
75,scoreboard,4,-0.022287,0.069430,0.086059,0.041969,-0.035494,0.013273,0.026929,-0.043994,-0.013488,-0.010090,-0.016832,0.037743,0.025583,0.020411,-0.002674,0.014229,0.026336,0.086676,-0.006488,0.043707,0.004447,0.011857,-0.024577,-0.009817,-0.018381,0.039249,-0.012639,0.002288,0.032712,-0.034512,0.042215,0.030655,0.044443,0.035839,0.049912,0.003941,-0.001497,0.058092,0.063027,0.016840,0.015092,0.021675,0.004669,0.008155,0.089761,-0.018141,0.001629,0.056790,0.040393,0.012669,0.048726,0.014485,0.040867,-0.003280,0.061691,0.031006,0.022570,0.019158,0.032827,0.059507,-0.084659,-0.000408,-0.009555,0.016719,0.113380,-0.028796,0.014637,0.101063,0.045199,0.019110,-0.022897,0.041945,0.032569,-0.008192,0.020429,1.000000,0.185656,-0.008457,0.102028,0.045670,0.179748,0.045229,0.044534,0.021362,0.089929,-0.001844,0.055664,-0.033527,0.002753,0.065529,0.020696,0.114018,-0.014491,0.029213,0.013485,0.045665,0.035567,0.097378,-0.007993,0.020444
76,slot,4,-0.036401,0.018009,0.012902,-0.004864,-0.015002,0.000212,0.007172,-0.005790,0.008806,-0.011477,0.019608,0.025723,-0.029593,-0.007571,0.006666,-0.029212,-0.047225,0.009990,-0.006565,0.010508,0.002011,0.025232,-0.033792,0.072387,-0.085802,0.004126,-0.038612,0.020375,0.016715,-0.071968,0.049806,-0.007957,0.059610,0.034778,0.031726,0.022169,0.056674,0.067846,0.021429,0.051496,-0.034431,0.146580,0.007332,0.000261,-0.015856,0.018290,0.075768,0.133887,0.023347,0.084036,-0.033549,0.014702,0.041160,0.003660,0.052986,-0.029139,0.049408,0.057080,-0.015639,-0.010389,-0.006919,0.028196,0.035180,0.042591,-0.028430,-0.016282,0.003683,0.028099,-0.003547,-0.001916,-0.001024,0.022558,0.045319,0.087932,0.103751,0.185656,1.000000,0.007784,0.018325,0.011049,0.027524,0.006592,0.135737,-0.012344,0.121401,0.004573,0.118180,-0.010497,-0.009522,0.020717,0.018081,-0.006374,-0.022937,0.026418,0.044895,0.012482,-0.030236,0.007749,-0.007665,0.025459
77,snorkel,4,0.017328,-0.009112,0.029229,0.024402,-0.028217,0.037876,-0.001630,0.096411,0.053223,0.034255,0.194409,0.012854,0.038132,-0.006851,0.022982,0.020862,0.003099,0.044539,-0.045373,0.039301,-0.012358,0.041594,0.021397,0.022367,-0.035255,0.061380,-0.039695,0.019078,0.018427,0.026989,0.057813,0.032499,0.014742,0.039913,0.164665,0.025631,0.036190,0.017861,0.055537,0.003427,-0.025801,0.058223,0.017562,0.118583,0.029569,0.039305,0.027615,0.029151,0.044750,0.083841,0.009714,-0.005869,0.013009,-0.034038,-0.027839,0.043198,0.062199,0.055061,-0.050566,0.023717,-0.001852,0.016169,0.018454,0.071745,0.023845,0.022816,0.002868,0.007673,-0.003307,0.069712,-0.024371,0.022881,0.010974,0.062485,0.008423,-0.008457,0.007784,1.000000,0.000851,0.069293,0.036386,-0.060194,0.029129,-0.018905,0.025962,0.050852,-0.016287,0.036406,0.031646,-0.050513,0.089295,-0.008209,0.052615,0.043430,0.050959,0.057758,0.111778,0.389494,0.038732,0.017911
78,solar dish,4,-0.011788,0.013108,-0.001148,-0.014089,-0.009414,-0.006076,-0.010145,0.013733,0.021428,-0.068696,-0.025197,-0.014051,-0.010206,0.031728,0.013582,0.028142,-0.000939,0.009781,0.018849,0.030460,-0.000697,0.001976,-0.005717,0.027454,0.024860,0.033476,0.032672,0.013654,-0.015028,0.027337,-0.024320,0.028116,-0.015716,0.031969,0.027138,0.022512,0.092075,0.085729,0.004181,0.036952,0.077037,0.026168,0.022882,0.085421,0.117401,-0.028003,0.022171,-0.034588,0.030979,0.076183,-0.031308,0.114812,0.026941,0.026455,0.120761,-0.000561,0.104001,0.060179,-0.029565,0.053979,0.014905,0.033516,0.039293,-0.005598,0.117371,0.069624,0.058209,0.074849,0.098106,0.034149,0.016403,0.002532,-0.025578,0.073497,0.043106,0.102028,0.018325,0.000851,1.000000,0.037713,0.027208,0.068586,0.032363,0.224882,0.005828,0.010957,0.007646,-0.033681,-0.016308,0.081661,0.045105,0.058206,0.026231,0.039303,0.004151,0.030570,0.049608,0.022546,0.010923,0.058762
79,spider web,4,0.002288,0.033911,0.046427,0.070365,0.143799,0.012728,0.041074,0.065409,0.022271,0.058112,0.023322,0.031794,-0.012840,0.002096,0.018889,0.050819,0.060710,0.034400,0.011983,0.018806,0.006818,0.049675,0.053299,0.022484,0.015627,0.050182,0.009320,0.018080,0.024764,0.085510,0.036491,0.085204,-0.022690,0.085621,0.012181,-0.040450,-0.020584,0.002496,0.033241,0.027152,-0.031447,0.048859,-0.015895,-0.033407,0.083073,-0.002691,0.029067,0.047273,-0.014818,0.026206,0.001160,0.055093,0.016919,-0.024027,0.044843,0.010042,0.032671,-0.052854,0.011065,0.004400,0.026682,0.052222,0.061823,0.020204,0.015892,-0.014152,0.029594,0.024454,-0.015857,0.020025,0.012985,0.038119,-0.004978,0.080161,-0.020190,0.045670,0.011049,0.069293,0.037713,1.000000,0.021050,-0.024519,0.004691,0.004313,-0.014584,0.070662,-0.021616,0.037525,0.000958,0.084107,-0.023280,0.023667,0.015000,0.045567,-0.009674,-0.004373,0.027983,0.029646,0.021820,0.066923
80,stage,5,0.002081,0.024559,0.080214,0.020748,0.031616,0.033499,0.017181,0.041579,0.052874,0.021527,-0.007829,0.000020,0.011786,0.021018,0.043522,-0.012111,0.026419,0.023695,0.020331,0.055669,0.053103,-0.012836,0.041925,-0.030588,0.003674,-0.003378,-0.006999,0.037911,0.024855,0.017966,-0.034789,0.010733,0.024837,0.046523,-0.012732,-0.003997,0.021148,0.089331,0.078473,0.081879,0.005046,0.099965,0.054189,-0.002809,0.071709,0.049219,0.045981,0.027176,0.075878,-0.007164,0.009542,0.022786,0.314231,0.010081,0.057181,0.025659,0.032374,0.036523,0.019200,0.091297,-0.032664,0.053936,0.073000,0.133432,0.047778,-0.004058,0.088529,0.076253,0.053074,-0.028596,0.002278,0.093823,0.047480,0.010054,0.004426,0.179748,0.027524,0.036386,0.027208,0.021050,1.000000,0.046746,0.291515,-0.013861,0.068697,0.150236,0.079140,0.017503,0.020079,-0.021383,-0.040709,0.023583,-0.028308,0.034283,0.027253,-0.011082,0.001077,0.005770,0.043500,-0.030849
81,tank,5,-0.005211,-0.016836,0.027748,0.050295,-0.051869,-0.049488,-0.001103,0.066248,-0.001650,0.048835,-0.012873,-0.033791,-0.022523,-0.007854,0.000268,0.012693,0.010710,-0.030663,-0.025662,0.023648,0.023764,0.008294,-0.017726,0.053026,-0.008773,0.071961,-0.025145,0.066089,0.033511,-0.015681,-0.004808,-0.005590,0.076191,0.027769,-0.008518,0.063326,-0.019209,-0.003886,-0.043533,-0.069632,0.178582,0.005569,0.009300,0.080845,-0.001401,-0.008362,-0.031178,0.030810,0.007374,0.023973,0.005887,0.062614,0.025816,-0.032783,0.010428,0.011507,0.075970,-0.004245,0.057423,0.005470,0.008480,0.009381,0.026800,0.009263,0.106789,0.043065,0.035031,0.009471,-0.006942,0.056324,-0.004193,0.008009,0.044649,0.009362,0.062266,0.045229,0.006592,-0.060194,0.068586,-0.024519,0.046746,1.000000,0.024253,0.047696,-0.033763,0.033759,0.034317,-0.003111,0.034681,0.035892,0.035694,0.022037,0.051581,-0.037550,-0.049254,-0.025893,-0.007929,-0.043418,-0.040688,-0.000072
82,theater curtain,5,0.045140,-0.007002,0.056477,0.001043,0.035322,0.012249,0.025559,0.057033,0.035850,0.047804,0.051830,0.012468,0.003050,-0.030957,-0.018099,0.021325,0.098055,-0.011475,0.047950,0.039791,-0.052951,0.019653,0.014895,-0.013989,0.040122,0.064692,0.032639,0.041127,-0.000747,0.050338,-0.011249,-0.038025,-0.019155,0.062696,-0.002753,-0.005240,-0.003326,0.057757,0.008377,0.011747,-0.060209,0.097806,-0.003794,0.027890,0.042244,0.063850,0.035265,-0.002100,0.024911,0.019609,0.022643,0.105200,0.057148,0.001535,0.109508,0.048359,0.036344,0.069421,-0.010732,0.063148,0.030075,0.004964,0.042377,0.099615,0.021415,-0.023895,0.024095,0.193672,0.039064,0.001241,0.024745,0.051505,0.057089,0.033543,0.015759,0.044534,0.135737,0.029129,0.032363,0.004691,0.291515,0.024253,1.000000,0.066960,-0.019041,0.020229,0.094674,0.016724,0.043439,-0.045441,0.015137,-0.035868,0.012393,-0.000524,0.021756,-0.028102,0.024202,0.002251,-0.001350,-0.035645
83,tile roof,5,0.044048,0.017850,0.045791,-0.031777,0.000408,-0.008422,0.034214,0.012135,0.008686,0.027634,0.022141,0.028468,0.030435,0.007990,0.031253,-0.011122,0.005462,-0.021569,-0.012103,-0.062108,0.037841,-0.006449,-0.007425,0.044869,0.025014,0.036819,0.002977,-0.000784,0.023712,0.037557,-0.019481,0.039762,-0.064003,0.044171,-0.036478,-0.015472,0.049365,0.064249,0.013747,0.021275,0.059967,0.039052,0.055294,0.014907,0.055622,0.049251,0.001983,0.021920,0.047112,0.015330,0.013733,0.084279,-0.034393,0.013534,0.010668,0.010457,0.037047,0.027498,0.058487,-0.015205,0.039114,-0.046129,0.051806,0.010918,-0.066645,0.007824,0.002895,0.044590,-0.016999,0.022059,-0.006117,-0.008814,0.028513,0.022603,0.040352,0.021362,-0.012344,-0.018905,0.224882,0.004313,-0.013861,0.047696,0.066960,1.000000,0.016603,-0.004013,0.045857,0.036393,0.011614,0.037002,0.017179,0.088052,0.045961,0.001016,0.069606,0.014905,0.031371,0.013153,-0.014034,0.037493
84,tobacco shop,5,-0.036568,0.017766,-0.053076,0.017219,-0.020945,-0.032219,-0.055821,0.010719,0.057021,0.017273,-0.001707,0.015255,0.000949,0.017805,-0.039500,0.019869,0.044355,-0.002521,0.005902,-0.040770,0.019637,-0.025925,-0.031632,-0.047360,-0.005278,-0.011375,-0.036949,-0.003483,-0.033224,0.006921,-0.003973,0.014838,0.039368,0.022150,0.004963,-0.028476,0.085445,0.074296,0.113139,0.565471,0.039558,0.016634,0.204894,-0.021403,0.039206,0.065447,0.029853,0.041882,0.161069,-0.021594,-0.011592,0.019337,0.048429,0.100495,0.024778,0.032557,0.005854,-0.000016,0.042209,-0.007246,0.039058,0.027647,0.094166,0.031298,-0.038504,0.004166,0.015783,0.012618,-0.006775,0.043351,-0.000371,0.009845,0.039462,0.015882,0.005828,0.089929,0.121401,0.025962,0.005828,-0.014584,0.068697,-0.033763,-0.019041,0.016603,1.000000,-0.000155,0.062601,-0.002790,0.014249,0.041832,-0.031438,0.104680,-0.015698,0.014835,0.061898,-0.054862,-0.003567,0.025929,0.056204,-0.038080
85,unicycle,6,-0.049335,-0.022182,0.056954,0.042169,0.011472,0.028581,0.034291,0.025970,0.003865,0.014261,-0.012829,0.000084,0.056046,0.069503,0.012237,0.012256,-0.022273,0.033000,0.019495,-0.001668,0.034403,0.023745,0.056411,0.082665,0.045186,0.007098,0.010184,0.027046,0.069566,0.040269,0.034561,0.022921,-0.010459,0.016311,-0.021021,0.006969,0.057094,-0.003437,0.027984,0.017311,0.029638,0.086650,0.024523,0.078307,0.086539,0.058640,0.019630,0.054642,0.081884,0.000219,-0.001960,0.030992,0.040489,0.032347,0.024118,0.048701,0.072051,0.063737,0.006373,0.167696,-0.028449,0.038794,0.055010,0.138143,0.043894,0.007575,0.009807,0.023206,0.182840,0.025602,0.004829,0.085256,0.008504,0.088224,-0.002064,-0.001844,0.004573,0.050852,0.010957,0.070662,0.150236,0.033759,0.020229,-0.004013,-0.000155,1.000000,0.023723,0.038166,0.070891,0.025114,-0.008914,0.100564,-0.012767,0.009157,0.007753,0.001232,0.058659,-0.010292,0.029316,-0.011567
86,upright,6,-0.005777,-0.000122,0.014072,-0.020450,0.021917,0.039397,0.042610,0.016639,0.037160,-0.013306,0.050898,0.026334,-0.002042,-0.010312,-0.035571,-0.010574,0.003446,-0.018926,0.011222,-0.059959,0.057506,-0.002895,0.007688,-0.035377,0.015964,-0.008566,0.004440,0.043111,-0.005422,-0.048725,0.066713,-0.018270,0.003648,0.033966,-0.027243,-0.032413,0.011874,0.005781,-0.015692,0.052508,-0.053121,-0.034950,0.008762,-0.013052,0.048741,-0.015949,0.003143,0.013597,0.009538,0.010435,-0.038406,-0.022009,0.086066,0.063364,0.079554,-0.002046,0.015398,0.015684,0.033958,0.025878,0.049163,-0.054188,0.014892,0.013188,0.011494,-0.067712,0.036348,0.148292,0.055774,-0.022476,0.023006,0.029252,0.027219,0.033136,-0.028447,0.055664,0.118180,-0.016287,0.007646,-0.021616,0.079140,0.034317,0.094674,0.045857,0.062601,0.023723,1.000000,-0.043352,0.005030,-0.007551,-0.033841,0.006434,-0.053512,-0.006624,0.032965,0.002337,0.023335,0.012766,0.035452,-0.038592
87,vase,6,-0.011123,0.010655,0.065181,0.019633,0.012689,0.015515,0.037763,0.069303,0.025576,-0.002010,0.008431,-0.033618,0.005888,0.017619,-0.005388,0.001003,0.031193,-0.065702,-0.040006,-0.020422,-0.013804,0.043702,-0.010546,0.012018,-0.042234,0.041890,-0.048642,-0.002250,0.048537,0.063783,0.038747,0.051344,0.031172,0.022022,0.012298,0.013324,0.147022,0.060661,0.050892,0.028083,-0.015788,0.039069,0.107766,-0.005058,0.059550,0.095473,0.248955,0.035683,0.076708,0.063596,0.041486,0.000485,-0.001459,0.088376,0.142136,0.006093,0.032954,0.129022,-0.014697,-0.008138,0.082585,0.043160,0.015752,0.115744,0.024083,0.231121,0.039677,-0.028371,0.018830,0.088214,0.042791,0.065923,0.061531,0.027563,-0.067227,-0.033527,-0.010497,0.036406,-0.033681,0.037525,0.017503,-0.003111,0.016724,0.036393,-0.002790,0.038166,-0.043352,1.000000,0.068601,0.005855,-0.046753,-0.008837,0.098999,0.046526,-0.018303,0.066892,0.028396,0.053144,-0.002758,0.042571
88,wok,6,0.007674,-0.011552,0.008060,0.068096,-0.002332,0.005480,0.055538,-0.038191,0.014401,0.055284,0.026299,0.044991,-0.033557,0.035465,0.037964,0.041978,0.041952,0.015386,-0.002959,0.023712,-0.000994,-0.012945,0.010493,-0.029766,-0.037442,-0.026223,-0.003449,0.020758,0.024126,0.005932,0.036637,-0.003189,-0.011966,-0.004100,-0.021949,-0.015562,0.090476,-0.013084,0.047777,0.061429,0.018659,0.024862,0.047575,-0.017912,0.096890,-0.002501,0.069120,0.052957,0.030899,0.022423,0.053477,0.035776,-0.034120,0.041799,0.090569,0.666100,0.044947,0.016069,0.015812,0.037955,-0.008726,0.016781,0.064756,0.003657,-0.038766,0.200638,0.019665,0.004502,0.007098,0.060403,0.004767,0.041411,-0.008621,-0.010306,-0.010593,0.002753,-0.009522,0.031646,-0.016308,0.000958,0.020079,0.034681,0.043439,0.011614,0.014249,0.070891,0.005030,0.068601,1.000000,-0.003614,-0.006033,0.067310,0.170919,0.043519,0.017674,0.000100,0.049970,0.045199,0.033925,0.108530
89,worm fence,6,-0.003545,0.042592,0.083767,0.064706,0.037581,0.058434,0.025316,-0.025613,-0.013581,0.032571,-0.029214,0.031761,0.048929,0.030635,-0.025886,0.016801,0.030468,-0.007399,-0.012870,-0.015464,0.018850,0.055758,-0.014357,0.016691,0.029339,0.051363,0.031011,-0.030495,0.009689,0.062403,-0.032816,0.046547,0.024068,-0.020780,-0.013137,-0.035066,0.031731,0.060068,0.047150,0.049572,0.081036,0.033799,0.036165,0.002820,-0.003529,-0.033539,-0.039288,0.039440,0.158280,0.003967,0.070515,0.025386,-0.005389,0.040966,0.123224,-0.044499,0.061703,0.075533,0.030856,0.044310,-0.038470,-0.023337,-0.033385,0.002598,0.031620,0.007927,0.025166,-0.038856,0.078323,0.055053,0.036585,-0.009272,0.027111,-0.000999,0.096406,0.065529,0.020717,-0.050513,0.081661,0.084107,-0.021383,0.035892,-0.045441,0.037002,0.041832,0.025114,-0.007551,0.005855,-0.003614,1.000000,-0.016836,0.127381,-0.006220,0.038268,-0.027455,-0.025158,0.027477,0.004802,-0.009372,0.057679
90,yawl,7,-0.006481,0.034739,0.003715,0.008718,-0.049789,0.007652,0.050518,0.014700,-0.047863,0.037045,0.044699,0.030608,-0.007689,0.018166,0.013048,0.012454,-0.012159,-0.047675,0.016019,-0.021044,0.018984,0.020049,-0.015563,-0.005624,-0.002494,-0.050062,0.009109,0.004913,0.024403,-0.000347,0.003701,-0.016298,0.012875,-0.016600,0.131584,0.010605,-0.071013,-0.037849,-0.024373,-0.014680,0.017507,-0.032063,0.011035,0.511631,-0.004585,0.014291,-0.033943,-0.023451,0.014463,-0.000670,0.000659,0.019930,-0.006113,0.029522,-0.052514,-0.001548,-0.000304,-0.030064,0.048626,-0.030450,0.009122,0.020474,0.028138,-0.008934,0.071322,-0.006917,0.059035,-0.023617,-0.004310,-0.046748,-0.015052,0.002634,-0.016878,0.011755,-0.007962,0.020696,0.018081,0.089295,0.045105,-0.023280,-0.040709,0.035694,0.015137,0.017179,-0.031438,-0.008914,-0.033841,-0.046753,-0.006033,-0.016836,1.000000,0.022064,-0.010874,-0.074087,0.003655,-0.021338,0.100781,0.047319,0.011720,-0.035013
91,street sign,7,-0.045425,0.011997,-0.015368,0.026113,-0.043875,0.006043,-0.006445,-0.023633,-0.014618,0.051223,0.041084,-0.041048,-0.023097,0.047801,0.028596,-0.013252,-0.010279,-0.024122,-0.058070,-0.040328,0.001539,-0.013366,-0.011294,0.000281,-0.016320,0.041420,-0.035973,-0.022970,-0.012578,0.056313,0.004299,0.004301,-0.000071,0.046683,0.012776,0.011503,0.114093,0.074635,0.043665,0.102298,0.069774,0.021712,0.031278,0.066664,0.046205,0.006454,0.005561,0.055550,0.048165,0.019961,0.031542,0.046324,0.050774,0.042995,0.024247,0.094457,0.018800,0.084209,0.032476,0.088244,-0.049468,0.062072,0.072699,0.047037,0.060043,-0.007960,-0.007213,-0.015429,0.067067,0.037074,-0.022472,0.037907,0.021650,-0.014536,0.063137,0.114018,-0.006374,-0.008209,0.058206,0.023667,0.023583,0.022037,-0.035868,0.088052,0.104680,0.100564,0.006434,-0.008837,0.067310,0.127381,0.022064,1.000000,0.016979,-0.013542,-0.021283,0.015526,0.031829,0.022218,-0.017844,-0.000273
92,consomme,7,-0.000222,-0.021168,0.017334,0.040653,0.016704,-0.002360,-0.021862,0.070614,0.048791,0.050519,-0.008880,-0.025144,0.025300,0.010695,0.046058,-0.052871,-0.049625,0.011611,0.013553,0.008997,0.036178,-0.010135,-0.007642,-0.053001,0.038535,0.046690,0.035095,0.021681,0.009116,0.005729,0.018241,0.015550,-0.029849,0.034488,0.002715,0.020403,0.035748,0.026703,0.060004,-0.019493,0.022550,0.049450,0.023403,0.043895,0.032448,0.018069,0.036641,-0.012840,0.043276,0.036433,0.027034,-0.025216,0.036329,0.007657,-0.037886,0.124531,0.005280,0.070213,0.001803,-0.017029,0.035754,0.032128,0.029573,0.014032,-0.005373,0.089658,0.032515,0.017047,0.003678,0.058082,-0.037985,-0.024298,0.024409,0.057873,-0.006384,-0.014491,-0.022937,0.052615,0.026231,0.015000,-0.028308,0.051581,0.012393,0.045961,-0.015698,-0.012767,-0.053512,0.098999,0.170919,-0.006220,-0.010874,0.016979,1.000000,0.030198,0.090994,0.077179,0.014887,-0.026868,-0.050178,0.083398
93,trifle,7,0.027655,0.004364,0.047113,0.017411,-0.001171,-0.004866,0.010650,0.043974,-0.013013,0.058002,0.044631,-0.036749,-0.031410,-0.039400,-0.054453,-0.023340,0.006794,0.048193,0.017457,0.042199,0.055395,0.086728,0.013232,-0.017378,0.056037,-0.014622,0.041925,-0.021826,-0.038198,0.010043,0.032334,0.007867,0.026177,-0.034602,-0.016824,-0.026819,-0.016922,0.055016,0.014433,0.000616,-0.007579,0.046041,0.011857,-0.008078,-0.015152,0.000037,0.052029,0.003074,0.024319,0.013797,0.003566,0.031259,-0.040648,0.006054,0.016998,0.036794,0.018130,0.046978,-0.002058,0.029532,0.047707,0.012454,0.043375,0.075638,0.024039,0.073590,0.004221,0.017302,0.032696,0.013948,0.025174,-0.014890,-0.050318,0.007489,-0.051627,0.029213,0.026418,0.043430,0.039303,0.045567,0.034283,-0.037550,-0.000524,0.001016,0.014835,0.009157,-0.006624,0.046526,0.043519,0.038268,-0.074087,-0.013542,0.030198,1.000000,0.057371,0.032608,-0.016135,0.000161,-0.003678,0.045562
94,hotdog,7,0.042463,0.053612,0.020799,-0.013338,0.036221,-0.000824,0.019033,0.051794,0.033017,0.015506,0.049213,0.014901,0.053087,0.023884,-0.014585,0.015618,-0.014959,0.005465,0.050125,0.017308,0.035453,0.043238,0.034987,0.036496,-0.019770,0.029197,-0.025552,0.080709,0.005619,-0.043188,0.044818,0.033156,-0.039777,-0.030719,-0.007237,-0.000564,0.011429,-0.066369,0.059737,0.017589,0.010039,-0.014595,0.072046,0.008535,-0.011973,0.059830,0.009475,-0.017242,-0.010418,-0.021318,-0.041968,-0.022878,0.062134,-0.000147,-0.018658,0.008250,0.001266,0.023014,-0.030292,0.007210,0.068778,-0.034777,0.120072,0.063900,0.038439,-0.034183,0.046618,0.060300,0.019965,0.110795,0.012264,-0.008420,-0.046114,-0.018843,0.024117,0.013485,0.044895,0.050959,0.004151,-0.009674,0.027253,-0.049254,0.021756,0.069606,0.061898,0.007753,0.032965,-0.018303,0.017674,-0.027455,0.003655,-0.021283,0.090994,0.057371,1.000000,0.000906,0.035447,0.068423,0.058903,0.049299
95,orange,8,-0.025549,0.109423,0.023436,-0.020421,-0.003203,0.037187,-0.025727,0.095013,0.043862,0.026673,-0.003468,0.005590,-0.016023,-0.017081,0.015156,0.012387,-0.007329,0.040553,0.000687,0.036390,0.042349,0.005862,-0.017639,0.030572,0.075057,-0.030611,0.077565,0.042241,-0.005919,0.015609,0.018670,-0.020896,-0.021770,-0.048710,0.076510,-0.049439,0.044267,0.010132,0.043741,-0.002030,0.032152,-0.039001,0.057253,0.006588,0.032785,0.035063,0.016203,0.001985,0.074102,0.025687,0.047299,0.077431,-0.000529,0.030781,0.037443,0.022607,-0.049443,0.064763,-0.003287,0.004940,0.014614,0.009130,0.002515,0.033395,0.041506,0.144786,-0.016984,0.021399,0.016932,0.005389,0.030593,0.026769,-0.019586,-0.003293,0.045334,0.045665,0.012482,0.057758,0.030570,-0.004373,-0.011082,-0.025893,-0.028102,0.014905,-0.054862,0.001232,0.002337,0.066892,0.000100,-0.025158,-0.021338,0.015526,0.077179,0.032608,0.000906,1.000000,0.002223,0.049097,0.060603,0.061778
96,cliff,8,-0.034713,-0.002799,0.018302,-0.027086,0.007325,0.047953,-0.046999,-0.001604,0.020937,-0.007610,-0.020364,0.077287,0.067461,0.112769,0.054866,0.046434,0.030193,0.005881,0.048900,0.003816,0.172915,0.035319,0.057413,-0.016887,0.041440,0.027152,-0.004155,0.073164,0.041615,0.041946,0.048031,0.018874,0.038869,-0.006854,0.055372,0.057222,0.008630,-0.018563,0.025180,0.044218,0.002934,0.009762,0.028165,0.118938,-0.004822,0.020324,-0.006488,0.013924,0.018763,-0.004868,-0.016159,0.055779,0.002552,0.015257,0.016333,0.033718,0.051288,0.011083,0.001841,0.001357,-0.021732,-0.010039,0.011733,0.023497,0.015507,-0.018151,0.006935,0.015937,0.001435,0.016628,0.000816,0.046857,0.002110,-0.002180,-0.032688,0.035567,-0.030236,0.111778,0.049608,0.027983,0.001077,-0.007929,0.024202,0.031371,-0.003567,0.058659,0.023335,0.028396,0.049970,0.027477,0.100781,0.031829,0.014887,-0.016135,0.035447,0.002223,1.000000,0.082233,0.044787,0.008319
97,coral reef,8,0.015344,0.020605,0.019973,0.016898,0.062839,-0.028481,0.030060,0.128060,-0.021411,0.052233,0.118790,-0.020888,-0.026215,-0.001875,0.019364,0.037071,0.040686,0.006278,-0.005908,0.026749,0.035540,-0.046745,0.023705,0.017487,0.024284,0.013541,0.041430,0.002541,-0.006665,0.017709,0.016364,0.067978,0.013608,0.079217,0.356512,0.005111,-0.009311,-0.035604,0.002969,0.072488,-0.032034,-0.024154,0.023238,0.043042,-0.008765,-0.003928,-0.024045,-0.017203,0.014846,-0.032036,0.107388,0.044103,-0.033506,0.001953,0.019993,-0.000275,0.040207,0.006444,-0.002468,-0.035635,-0.022104,-0.010828,0.026720,-0.021521,0.018051,-0.017379,0.002784,0.032204,-0.042001,0.029025,-0.004130,0.024265,-0.003458,0.062511,-0.002013,0.097378,0.007749,0.389494,0.022546,0.029646,0.005770,-0.043418,0.002251,0.013153,0.025929,-0.010292,0.012766,0.053144,0.045199,0.004802,0.047319,0.022218,-0.026868,0.000161,0.068423,0.049097,0.082233,1.000000,0.054152,0.001011
98,bolete,8,0.034603,0.040374,-0.027059,0.054467,0.048137,0.041842,0.025723,0.089119,0.080993,0.047600,0.028827,0.020745,0.028606,0.072987,0.015017,0.044409,0.009623,0.012850,0.078766,0.004543,-0.009651,-0.016434,0.033899,-0.013973,0.024292,0.004967,0.036049,0.076378,-0.035545,-0.005318,0.039250,0.032006,0.003623,0.062003,0.069843,-0.011858,0.020701,-0.047665,0.004472,0.026175,-0.020028,0.031944,0.044014,0.017887,-0.018267,-0.021919,0.008052,-0.022599,-0.006266,-0.021474,0.001330,-0.003959,-0.029080,-0.033303,-0.004027,0.018702,-0.043617,0.018150,0.063393,-0.010826,-0.006489,0.050201,0.011701,-0.011339,-0.033444,0.033965,-0.008229,-0.010953,-0.008569,0.021274,-0.073439,-0.012127,-0.003942,0.052733,0.016253,-0.007993,-0.007665,0.038732,0.010923,0.021820,0.043500,-0.040688,-0.001350,-0.014034,0.056204,0.029316,0.035452,-0.002758,0.033925,-0.009372,0.011720,-0.017844,-0.050178,-0.003678,0.058903,0.060603,0.044787,0.054152,1.000000,0.052551
99,ear,8,-0.012694,0.033001,0.010211,-0.013721,0.001093,0.035005,0.008902,0.035736,0.050873,-0.023042,-0.008554,-0.053988,0.032994,0.058763,0.026015,0.044203,0.048857,-0.008295,0.002669,0.030332,0.022277,-0.024859,-0.001297,0.065904,0.035013,0.008380,0.015960,0.048368,-0.022808,-0.020884,0.001189,0.045553,0.041986,0.015743,-0.026942,0.008014,0.031235,0.010913,0.016685,0.024378,-0.017690,0.029726,-0.003549,-0.006885,-0.036492,0.053737,0.030091,0.035473,-0.006384,-0.021571,-0.025486,0.042671,0.004035,-0.049707,0.046296,0.066760,0.038406,0.036075,0.005897,-0.038482,0.042279,-0.036247,0.006168,0.012386,0.045728,0.025429,0.035014,0.028566,-0.009609,-0.010491,0.010301,0.007994,-0.000676,-0.018173,0.033613,0.020444,0.025459,0.017911,0.058762,0.066923,-0.030849,-0.000072,-0.035645,0.037493,-0.038080,-0.011567,-0.038592,0.042571,0.108530,0.057679,-0.035013,-0.000273,0.083398,0.045562,0.049299,0.061778,0.008319,0.001011,0.052551,1.000000
