eval_session,true_class_id,true_class_name,final_pred_class_id,final_pred_class_name,count,mean_final_pred_conf,mean_final_true_prob,mean_final_pred_prob,mean_clip_true_sim,mean_clip_pred_sim,mean_dino_true_sim_raw,mean_dino_pred_sim_raw,mean_dino_true_sim_final,mean_dino_pred_sim_final,query_numbers
8,0,apple,52,oak tree,1,0.399705,0.312827,0.399705,0.929704,0.891842,0.333773,0.17247,0.333773,0.17247,79
8,1,aquarium fish,50,mouse,1,0.38631,0.00863,0.38631,0.909448,0.901866,0.334645,0.201325,0.334645,0.201325,110
8,2,baby,5,bed,2,0.999981,1.3e-05,0.999981,0.903493,0.887803,0.210597,0.708049,0.210597,0.708049,229 295
8,2,baby,11,boy,16,0.633243,0.282363,0.633243,0.918275,0.917471,0.441084,0.457452,0.441084,0.457452,203 206 213 214 216 224 231 232 238 239 242 248 266 281 291 293
8,2,baby,35,girl,6,0.579019,0.194551,0.579019,0.91132,0.906075,0.480769,0.522552,0.480769,0.522552,204 227 228 233 240 269
8,2,baby,52,oak tree,2,0.395809,0.072635,0.395809,0.856784,0.847368,0.269675,0.162552,0.269675,0.162552,257 259
8,2,baby,53,orange,1,0.826841,0.009354,0.826841,0.877611,0.882012,0.19701,0.280032,0.19701,0.280032,279
8,3,bear,4,beaver,1,0.446811,0.431968,0.446811,0.918359,0.912331,0.386316,0.386318,0.386316,0.386318,338
8,3,bear,21,chimpanzee,1,0.32664,0.170578,0.32664,0.907035,0.927283,0.317878,0.322278,0.317878,0.322278,314
8,3,bear,31,elephant,1,0.991904,0.001202,0.991904,0.883474,0.9105,0.418275,0.594205,0.418275,0.594205,389
8,3,bear,52,oak tree,2,0.358475,0.328502,0.358475,0.938569,0.888674,0.339514,0.114011,0.339514,0.114011,303 335
8,3,bear,55,otter,1,0.743358,0.006999,0.743358,0.917984,0.927672,0.274971,0.450064,0.274971,0.450064,366
8,3,bear,95,whale,1,0.581384,0.002215,0.581384,0.851571,0.895543,0.385759,0.462577,0.385759,0.531921,360
8,4,beaver,33,forest,2,0.564492,0.051594,0.564492,0.937422,0.93843,0.289355,0.417269,0.289355,0.417269,413 437
8,4,beaver,43,lion,1,0.414118,0.225249,0.414118,0.949579,0.924904,0.371491,0.308453,0.371491,0.308453,447
8,4,beaver,50,mouse,6,0.539426,0.142867,0.539426,0.915067,0.905659,0.409355,0.366667,0.409355,0.366667,403 418 428 441 443 486
8,4,beaver,52,oak tree,1,0.399331,0.29709,0.399331,0.910878,0.891786,0.319671,0.087484,0.319671,0.087484,467
8,4,beaver,55,otter,5,0.873827,0.109586,0.873827,0.912898,0.920335,0.451049,0.498224,0.451049,0.498224,411 453 464 475 478
8,4,beaver,74,shrew,2,0.340938,0.077379,0.340938,0.893865,0.873783,0.393062,0.402583,0.393062,0.446535,401 427
8,4,beaver,80,squirrel,1,0.604356,0.0,0.604356,0.904112,0.924306,0.246973,0.477369,0.246973,0.638828,402
8,5,bed,25,couch,2,0.652007,0.332165,0.652007,0.900622,0.914959,0.413053,0.428385,0.413053,0.428385,537 547
8,5,bed,52,oak tree,3,0.39054,0.229583,0.39054,0.919277,0.859742,0.275516,0.171319,0.275516,0.171319,531 535 559
8,5,bed,94,wardrobe,1,0.599778,0.003829,0.599778,0.892869,0.899264,0.310777,0.294663,0.310777,0.349611,584
8,6,bee,24,cockroach,3,0.536923,0.393212,0.536923,0.925578,0.926874,0.441665,0.438765,0.441665,0.438765,623 633 687
8,6,bee,50,mouse,2,0.407581,0.214865,0.407581,0.895748,0.892915,0.283371,0.120048,0.283371,0.120048,629 688
8,6,bee,52,oak tree,4,0.39155,0.29856,0.39155,0.899438,0.833608,0.336112,0.05908,0.336112,0.05908,628 630 660 695
8,6,bee,62,poppy,1,0.424405,0.020464,0.424405,0.870266,0.864877,0.31691,0.232978,0.31691,0.312672,637
8,6,bee,77,snail,1,0.484356,0.007544,0.484356,0.891173,0.936734,0.207223,0.310294,0.207223,0.287475,610
8,6,bee,82,sunflower,1,0.600265,0.003853,0.600265,0.940197,0.963394,0.301352,0.43242,0.301352,0.42893,608
8,7,beetle,6,bee,2,0.722906,0.019481,0.722906,0.914186,0.920036,0.199167,0.339419,0.199167,0.339419,796 798
8,7,beetle,18,caterpillar,1,0.490673,0.088448,0.490673,0.896058,0.866968,0.34056,0.435213,0.34056,0.435213,764
8,7,beetle,24,cockroach,10,0.699597,0.297464,0.699597,0.915666,0.925198,0.49555,0.522451,0.49555,0.522451,705 710 717 736 737 744 758 767 769 779
8,7,beetle,26,crab,1,0.60269,0.217761,0.60269,0.938222,0.924763,0.388,0.423207,0.388,0.423207,792
8,7,beetle,50,mouse,1,0.393388,0.125805,0.393388,0.852052,0.851325,0.365181,0.17512,0.365181,0.17512,748
8,7,beetle,52,oak tree,5,0.384255,0.226359,0.384255,0.918937,0.864127,0.28141,0.100861,0.28141,0.100861,703 707 709 743 780
8,8,bicycle,48,motorcycle,4,0.846435,0.137813,0.846435,0.914453,0.918028,0.387721,0.557243,0.387721,0.557243,802 813 821 862
8,9,bottle,52,oak tree,3,0.398637,0.21591,0.398637,0.87453,0.853574,0.293133,0.132643,0.293133,0.132643,922 950 987
8,9,bottle,69,rocket,1,0.601774,0.000378,0.601774,0.854146,0.899987,0.279054,0.319485,0.279054,0.402564,967
8,10,bowl,0,apple,2,0.669527,0.097379,0.669527,0.825464,0.80458,0.366982,0.37944,0.366982,0.37944,1034 1049
8,10,bowl,1,aquarium fish,1,0.43423,0.171093,0.43423,0.845165,0.78337,0.32125,0.324662,0.32125,0.324662,1097
8,10,bowl,2,baby,1,0.969909,0.01678,0.969909,0.924932,0.891355,0.245795,0.440782,0.245795,0.440782,1037
8,10,bowl,28,cup,6,0.938521,0.052218,0.938521,0.919467,0.925225,0.429443,0.543102,0.429443,0.543102,1019 1032 1040 1053 1064 1072
8,10,bowl,29,dinosaur,1,0.408016,0.047776,0.408016,0.897868,0.884814,0.299987,0.335591,0.299987,0.335591,1017
8,10,bowl,36,hamster,1,0.940163,0.006699,0.940163,0.889725,0.879548,0.23429,0.384247,0.23429,0.384247,1085
8,10,bowl,52,oak tree,11,0.398129,0.173641,0.398129,0.886861,0.849485,0.312046,0.136471,0.312046,0.136471,1004 1024 1025 1035 1041 1046 1056 1057 1073 1084 1096
8,10,bowl,57,pear,1,0.337529,0.066902,0.337529,0.938846,0.923789,0.31618,0.423785,0.31618,0.423785,1070
8,10,bowl,61,plate,7,0.509832,0.088036,0.509832,0.902484,0.901154,0.445196,0.467212,0.445196,0.511674,1003 1016 1047 1058 1063 1081 1098
8,11,boy,2,baby,5,0.854388,0.12327,0.854388,0.918349,0.933887,0.480273,0.566335,0.480273,0.566335,1116 1120 1144 1188 1195
8,11,boy,12,bridge,1,0.405368,0.017891,0.405368,0.898589,0.910793,0.227139,0.335964,0.227139,0.335964,1191
8,11,boy,35,girl,13,0.606902,0.343483,0.606902,0.918198,0.915209,0.528676,0.537568,0.528676,0.537568,1101 1111 1124 1146 1150 1158 1170 1172 1173 1177 1179 1180 1184
8,11,boy,41,lawn mower,1,0.410353,0.281771,0.410353,0.942357,0.873991,0.403337,0.341757,0.403337,0.341757,1190
8,11,boy,46,man,6,0.757334,0.100859,0.757334,0.885564,0.899176,0.31358,0.435765,0.31358,0.435765,1112 1148 1161 1171 1183 1187
8,11,boy,52,oak tree,1,0.40127,0.383271,0.40127,0.881088,0.819965,0.317678,0.199603,0.317678,0.199603,1197
8,11,boy,91,trout,1,0.582505,0.015435,0.582505,0.905672,0.853409,0.221845,0.384851,0.221845,0.387765,1185
8,11,boy,98,woman,1,0.431355,0.428238,0.431355,0.757195,0.760312,0.456205,0.476431,0.456205,0.5218,1153
8,12,bridge,23,cloud,1,0.404944,0.25459,0.404944,0.943603,0.90795,0.297856,0.247461,0.297856,0.247461,1235
8,12,bridge,33,forest,3,0.943098,0.028909,0.943098,0.900689,0.935088,0.295431,0.492596,0.295431,0.492596,1214 1227 1267
8,12,bridge,52,oak tree,5,0.402681,0.127293,0.402681,0.914335,0.89579,0.245669,0.184869,0.245669,0.184869,1220 1234 1238 1278 1290
8,12,bridge,56,palm tree,1,0.327948,0.06039,0.327948,0.919639,0.921015,0.283525,0.415214,0.283525,0.415214,1276
8,12,bridge,68,road,1,0.502087,0.037257,0.502087,0.948483,0.937298,0.353548,0.522918,0.353548,0.490499,1237
8,12,bridge,76,skyscraper,1,0.424034,0.069135,0.424034,0.922291,0.900735,0.344876,0.336643,0.344876,0.394221,1201
8,12,bridge,96,willow tree,1,0.570398,0.030821,0.570398,0.906625,0.913287,0.306888,0.38342,0.306888,0.43509,1253
8,13,bus,50,mouse,1,0.312107,0.279571,0.312107,0.887846,0.816901,0.347144,0.138083,0.347144,0.138083,1349
8,13,bus,52,oak tree,4,0.400039,0.052253,0.400039,0.866026,0.857182,0.227987,0.136259,0.227987,0.136259,1325 1369 1378 1389
8,13,bus,58,pickup truck,4,0.766373,0.056892,0.766373,0.897948,0.890888,0.316821,0.373395,0.316821,0.373395,1312 1318 1361 1391
8,13,bus,81,streetcar,3,0.366803,0.164571,0.366803,0.899158,0.898682,0.433103,0.445787,0.433103,0.467074,1306 1347 1372
8,13,bus,89,tractor,1,0.482109,0.093608,0.482109,0.883246,0.88456,0.402425,0.368279,0.402425,0.428006,1351
8,14,butterfly,18,caterpillar,1,0.531664,0.058185,0.531664,0.891654,0.904023,0.381767,0.410956,0.381767,0.410956,1491
8,14,butterfly,50,mouse,2,0.429828,0.04681,0.429828,0.927011,0.928603,0.306279,0.246704,0.306279,0.246704,1406 1417
8,14,butterfly,52,oak tree,8,0.386412,0.130072,0.386412,0.911372,0.8544,0.282214,0.102634,0.282214,0.102634,1431 1432 1443 1453 1461 1464 1480 1495
8,14,butterfly,62,poppy,1,0.315439,0.236062,0.315439,0.945675,0.912652,0.274161,0.266398,0.274161,0.33584,1454
8,14,butterfly,74,shrew,1,0.263728,0.003695,0.263728,0.925013,0.929479,0.250104,0.352825,0.250104,0.392501,1400
8,14,butterfly,92,tulip,1,0.564205,0.016535,0.564205,0.941072,0.935311,0.29066,0.313658,0.29066,0.395165,1486
8,15,camel,52,oak tree,5,0.388651,0.099735,0.388651,0.894282,0.865439,0.20994,0.136546,0.20994,0.136546,1509 1547 1552 1554 1590
8,16,can,9,bottle,1,0.903301,0.096449,0.903301,0.812746,0.791162,0.357572,0.50128,0.357572,0.50128,1694
8,16,can,28,cup,3,0.717112,0.013481,0.717112,0.909672,0.919745,0.219681,0.42986,0.219681,0.42986,1641 1671 1693
8,16,can,52,oak tree,4,0.385265,0.131387,0.385265,0.890562,0.839936,0.217531,0.126504,0.217531,0.126504,1609 1626 1631 1638
8,16,can,61,plate,1,0.473134,0.001444,0.473134,0.902634,0.922492,0.239371,0.390878,0.239371,0.423089,1669
8,16,can,86,telephone,1,0.56004,0.296337,0.56004,0.882027,0.929199,0.27453,0.200438,0.27453,0.219208,1681
8,17,castle,37,house,3,0.73567,0.119185,0.73567,0.890836,0.884893,0.363636,0.420056,0.363636,0.420056,1711 1735 1774
8,17,castle,49,mountain,2,0.975804,0.011766,0.975804,0.885597,0.918629,0.270336,0.457587,0.270336,0.457587,1703 1756
8,17,castle,52,oak tree,5,0.412058,0.200562,0.412058,0.876485,0.860264,0.209897,0.13744,0.209897,0.13744,1700 1729 1744 1796 1799
8,17,castle,76,skyscraper,1,0.602367,0.000648,0.602367,0.823653,0.83243,0.242848,0.39246,0.242848,0.473975,1794
8,18,caterpillar,47,maple tree,1,0.44981,0.0194,0.44981,0.941926,0.92049,0.225275,0.304769,0.225275,0.304769,1813
8,18,caterpillar,50,mouse,3,0.390185,0.157199,0.390185,0.909086,0.892758,0.255159,0.199482,0.255159,0.199482,1822 1857 1889
8,18,caterpillar,52,oak tree,9,0.386059,0.147192,0.386059,0.914198,0.870193,0.262312,0.107465,0.262312,0.107465,1812 1819 1830 1831 1849 1863 1877 1887 1894
8,18,caterpillar,59,pine tree,3,0.455553,0.338895,0.455553,0.943504,0.926492,0.287682,0.249398,0.287682,0.249398,1850 1851 1859
8,18,caterpillar,78,snake,1,0.286113,0.158429,0.286113,0.887999,0.852648,0.364788,0.332318,0.364788,0.3812,1829
8,18,caterpillar,99,worm,1,0.576451,0.006501,0.576451,0.868612,0.864285,0.341988,0.422882,0.341988,0.47954,1808
8,19,cattle,29,dinosaur,1,0.504188,0.443387,0.504188,0.918329,0.919314,0.366736,0.382385,0.366736,0.382385,1984
8,19,cattle,50,mouse,2,0.408984,0.191083,0.408984,0.899805,0.895555,0.272583,0.177616,0.272583,0.177616,1930 1931
8,19,cattle,52,oak tree,4,0.399156,0.11825,0.399156,0.912537,0.887835,0.269708,0.129145,0.269708,0.129145,1909 1924 1927 1948
8,20,chair,25,couch,6,0.865371,0.090417,0.865371,0.91695,0.923934,0.400773,0.539694,0.400773,0.539694,2006 2013 2016 2018 2022 2037
8,20,chair,52,oak tree,1,0.398759,0.052379,0.398759,0.7203,0.774494,0.244849,0.082188,0.244849,0.082188,2085
8,21,chimpanzee,52,oak tree,1,0.352992,0.154859,0.352992,0.925555,0.879193,0.267091,0.106252,0.267091,0.106252,2105
8,22,clock,8,bicycle,1,0.471007,0.066699,0.471007,0.925343,0.9154,0.23648,0.365508,0.23648,0.365508,2233
8,22,clock,52,oak tree,4,0.400517,0.2529,0.400517,0.877032,0.824389,0.337823,0.157994,0.337823,0.157994,2207 2229 2259 2281
8,22,clock,61,plate,1,0.448574,0.100628,0.448574,0.935936,0.953246,0.372722,0.378991,0.372722,0.389592,2244
8,22,clock,84,table,1,0.409328,0.004595,0.409328,0.936451,0.935566,0.231595,0.353132,0.231595,0.412456,2251
8,23,cloud,33,forest,1,0.498707,0.099345,0.498707,0.917724,0.896945,0.300784,0.312901,0.300784,0.312901,2331
8,23,cloud,35,girl,1,0.596313,0.001038,0.596313,0.818628,0.865069,0.288487,0.386121,0.288487,0.386121,2359
8,23,cloud,37,house,1,0.952354,0.007578,0.952354,0.928316,0.936158,0.262662,0.430438,0.262662,0.430438,2323
8,23,cloud,49,mountain,2,0.978177,0.009185,0.978177,0.938487,0.955469,0.367822,0.510399,0.367822,0.510399,2351 2374
8,23,cloud,52,oak tree,3,0.452008,0.263747,0.452008,0.935946,0.925922,0.493612,0.477913,0.493612,0.477913,2322 2329 2353
8,23,cloud,59,pine tree,1,0.743657,0.251834,0.743657,0.972682,0.948907,0.526599,0.626829,0.526599,0.626829,2345
8,23,cloud,69,rocket,1,0.602655,0.000305,0.602655,0.875015,0.863491,0.228031,0.40902,0.228031,0.471403,2320
8,23,cloud,71,sea,6,0.522993,0.06523,0.522993,0.947801,0.95215,0.446675,0.524363,0.446675,0.549929,2306 2326 2356 2362 2363 2364
8,24,cockroach,50,mouse,2,0.417251,0.072097,0.417251,0.854172,0.861766,0.213341,0.246103,0.213341,0.246103,2467 2472
8,24,cockroach,52,oak tree,1,0.323906,0.093728,0.323906,0.76153,0.606907,0.14585,0.167681,0.14585,0.167681,2438
8,24,cockroach,77,snail,1,0.505194,0.001966,0.505194,0.831798,0.894403,0.311783,0.481383,0.311783,0.512168,2492
8,24,cockroach,79,spider,2,0.539838,0.031948,0.539838,0.881082,0.89528,0.322461,0.376727,0.322461,0.428126,2478 2485
8,25,couch,5,bed,1,0.992108,0.006685,0.992108,0.915523,0.92185,0.320892,0.503293,0.320892,0.503293,2580
8,25,couch,20,chair,10,0.905544,0.010642,0.905544,0.912636,0.915411,0.360854,0.504678,0.360854,0.504678,2505 2508 2511 2537 2553 2554 2565 2583 2593 2598
8,25,couch,40,lamp,1,0.581229,0.000161,0.581229,0.886535,0.917874,0.126442,0.375418,0.126442,0.375418,2504
8,25,couch,52,oak tree,6,0.40015,0.179411,0.40015,0.881105,0.820733,0.257117,0.139219,0.257117,0.139219,2503 2538 2541 2579 2586 2594
8,25,couch,58,pickup truck,1,0.660264,0.000543,0.660264,0.813975,0.867742,0.311994,0.409339,0.311994,0.409339,2502
8,25,couch,84,table,1,0.43859,0.108498,0.43859,0.92053,0.917331,0.399607,0.335496,0.399607,0.3996,2526
8,26,crab,1,aquarium fish,1,0.907621,0.022484,0.907621,0.925377,0.951148,0.316401,0.366082,0.316401,0.366082,2612
8,26,crab,45,lobster,9,0.913269,0.081025,0.913269,0.91218,0.91747,0.457647,0.550068,0.457647,0.550068,2605 2613 2625 2637 2641 2653 2654 2668 2669
8,26,crab,47,maple tree,1,0.373841,0.097095,0.373841,0.917865,0.862545,0.276686,0.135391,0.276686,0.135391,2619
8,26,crab,50,mouse,2,0.342101,0.029913,0.342101,0.931072,0.920436,0.322334,0.328055,0.322334,0.328055,2656 2661
8,26,crab,52,oak tree,1,0.400148,0.005851,0.400148,0.888747,0.863611,0.229122,0.082459,0.229122,0.082459,2665
8,26,crab,79,spider,1,0.560495,0.002157,0.560495,0.933915,0.952432,0.197024,0.314531,0.197024,0.343048,2602
8,27,crocodile,4,beaver,1,0.935814,0.007295,0.935814,0.945167,0.956048,0.461854,0.485675,0.461854,0.485675,2758
8,27,crocodile,18,caterpillar,1,0.42903,0.006366,0.42903,0.893524,0.897568,0.326442,0.42789,0.326442,0.42789,2721
8,27,crocodile,33,forest,1,0.450908,0.028729,0.450908,0.938235,0.917467,0.258615,0.321593,0.258615,0.321593,2789
8,27,crocodile,42,leopard,1,0.586269,0.124005,0.586269,0.865435,0.844095,0.380349,0.418432,0.380349,0.418432,2726
8,27,crocodile,44,lizard,3,0.884848,0.093646,0.884848,0.918715,0.913564,0.423259,0.508103,0.423259,0.508103,2705 2717 2755
8,27,crocodile,52,oak tree,9,0.395543,0.167325,0.395543,0.914821,0.857167,0.358902,0.180958,0.358902,0.180958,2701 2703 2733 2743 2747 2752 2763 2777 2784
8,27,crocodile,55,otter,1,0.742815,0.129184,0.742815,0.933131,0.931578,0.427054,0.42311,0.427054,0.42311,2725
8,27,crocodile,67,ray,1,0.555372,0.024834,0.555372,0.947994,0.953061,0.380461,0.476113,0.380461,0.48899,2719
8,27,crocodile,73,shark,1,0.582736,0.001096,0.582736,0.89204,0.920983,0.370687,0.512304,0.370687,0.519694,2748
8,27,crocodile,74,shrew,1,0.539447,0.007304,0.539447,0.929501,0.898639,0.446051,0.488993,0.446051,0.543352,2704
8,28,cup,9,bottle,1,0.995171,6e-06,0.995171,0.818877,0.873175,0.179254,0.469601,0.179254,0.469601,2876
8,28,cup,10,bowl,5,0.777343,0.025682,0.777343,0.922498,0.936057,0.265469,0.387867,0.265469,0.387867,2805 2822 2827 2894 2897
8,28,cup,52,oak tree,4,0.400552,0.054362,0.400552,0.85956,0.82616,0.208919,0.129734,0.208919,0.129734,2809 2814 2848 2873
8,29,dinosaur,4,beaver,1,0.718885,0.133105,0.718885,0.942452,0.937453,0.424413,0.42524,0.424413,0.42524,2916
8,29,dinosaur,26,crab,1,0.484148,0.424051,0.484148,0.870391,0.888934,0.407858,0.389457,0.407858,0.389457,2911
8,29,dinosaur,27,crocodile,1,0.731786,0.266089,0.731786,0.932429,0.902491,0.445041,0.554633,0.445041,0.554633,2942
8,29,dinosaur,50,mouse,1,0.596669,0.189018,0.596669,0.885387,0.870061,0.362224,0.348931,0.362224,0.348931,2984
8,29,dinosaur,52,oak tree,3,0.390312,0.14187,0.390312,0.901906,0.879757,0.289867,0.129189,0.289867,0.129189,2957 2965 2992
8,29,dinosaur,55,otter,1,0.473566,0.439314,0.473566,0.892549,0.921261,0.399804,0.363652,0.399804,0.363652,2970
8,30,dolphin,52,oak tree,2,0.322572,0.076551,0.322572,0.883896,0.865507,0.2186,0.134584,0.2186,0.134584,3021 3070
8,30,dolphin,67,ray,1,0.529296,0.000212,0.529296,0.931262,0.928856,0.354492,0.588007,0.354492,0.662953,3038
8,30,dolphin,73,shark,3,0.527244,0.030443,0.527244,0.944303,0.94943,0.457763,0.597834,0.457763,0.63006,3001 3024 3082
8,31,elephant,33,forest,1,0.562358,0.000457,0.562358,0.908017,0.932162,0.116469,0.344848,0.116469,0.344848,3195
8,31,elephant,35,girl,1,0.540091,0.105235,0.540091,0.924229,0.912984,0.199223,0.277434,0.199223,0.277434,3167
8,31,elephant,55,otter,1,0.408627,1.3e-05,0.408627,0.865704,0.913837,0.136634,0.432787,0.136634,0.432787,3143
8,32,flatfish,1,aquarium fish,3,0.724405,0.13679,0.724405,0.919727,0.912993,0.33194,0.395367,0.33194,0.395367,3253 3277 3278
8,32,flatfish,51,mushroom,1,0.69384,0.006286,0.69384,0.94482,0.916693,0.201298,0.38612,0.201298,0.38612,3237
8,32,flatfish,52,oak tree,6,0.381613,0.075412,0.381613,0.919399,0.884367,0.276449,0.117219,0.276449,0.117219,3203 3218 3221 3223 3282 3295
8,32,flatfish,77,snail,1,0.598294,4.6e-05,0.598294,0.929786,0.940599,0.196713,0.486601,0.196713,0.519242,3216
8,32,flatfish,91,trout,2,0.573934,0.022527,0.573934,0.908091,0.879628,0.273882,0.372532,0.273882,0.439353,3217 3299
8,32,flatfish,99,worm,1,0.462987,0.025213,0.462987,0.886733,0.892597,0.349366,0.366427,0.349366,0.398731,3212
8,33,forest,29,dinosaur,1,0.419191,0.053423,0.419191,0.881549,0.865436,0.277047,0.325176,0.277047,0.325176,3378
8,33,forest,47,maple tree,7,0.757567,0.071432,0.757567,0.946196,0.946782,0.408959,0.472538,0.408959,0.472538,3307 3316 3329 3366 3368 3379 3398
8,33,forest,49,mountain,2,0.996695,0.001616,0.996695,0.921752,0.922453,0.335753,0.591494,0.335753,0.591494,3323 3394
8,33,forest,52,oak tree,9,0.585677,0.043112,0.585677,0.922716,0.914537,0.343946,0.387834,0.343946,0.387834,3306 3332 3343 3346 3355 3359 3373 3386 3392
8,33,forest,59,pine tree,3,0.815365,0.083581,0.815365,0.915796,0.910285,0.347948,0.395168,0.347948,0.395168,3309 3328 3372
8,33,forest,68,road,2,0.444755,0.349631,0.444755,0.877458,0.880985,0.480223,0.393821,0.480223,0.475039,3301 3342
8,33,forest,96,willow tree,2,0.484317,0.030915,0.484317,0.929811,0.932758,0.470878,0.501949,0.470878,0.552841,3345 3352
8,34,fox,3,bear,2,0.371248,0.041281,0.371248,0.916076,0.919922,0.222583,0.356957,0.222583,0.356957,3426 3477
8,34,fox,19,cattle,1,0.509029,0.003826,0.509029,0.891306,0.923102,0.173455,0.231854,0.173455,0.231854,3451
8,34,fox,42,leopard,1,0.555975,0.007752,0.555975,0.889082,0.896086,0.22041,0.365556,0.22041,0.365556,3460
8,34,fox,47,maple tree,1,0.620319,0.010194,0.620319,0.94374,0.915097,0.140794,0.390907,0.140794,0.390907,3448
8,34,fox,50,mouse,1,0.424685,0.404838,0.424685,0.969442,0.933059,0.254619,0.313609,0.254619,0.313609,3458
8,34,fox,74,shrew,1,0.249999,0.04595,0.249999,0.945668,0.932637,0.293468,0.443032,0.293468,0.47197,3470
8,34,fox,88,tiger,1,0.245337,0.028937,0.245337,0.899099,0.916113,0.301092,0.35034,0.301092,0.381545,3487
8,34,fox,97,wolf,1,0.592976,0.010845,0.592976,0.932982,0.940325,0.379822,0.530381,0.379822,0.529489,3467
8,35,girl,2,baby,4,0.902906,0.039197,0.902906,0.945764,0.943654,0.395441,0.509157,0.395441,0.509157,3522 3523 3549 3597
8,35,girl,5,bed,1,0.834475,0.032344,0.834475,0.928499,0.897473,0.321894,0.395065,0.321894,0.395065,3574
8,35,girl,11,boy,13,0.692256,0.214737,0.692256,0.914124,0.90982,0.458335,0.484144,0.458335,0.484144,3531 3535 3546 3556 3561 3569 3572 3580 3584 3591 3596 3598 3599
8,35,girl,30,dolphin,1,0.489848,0.10617,0.489848,0.941132,0.87683,0.245368,0.325504,0.245368,0.325504,3576
8,35,girl,39,keyboard,1,0.489035,0.262128,0.489035,0.867178,0.851046,0.293092,0.318543,0.293092,0.318543,3578
8,35,girl,52,oak tree,2,0.417991,0.264262,0.417991,0.864208,0.82093,0.322731,0.197686,0.322731,0.197686,3511 3564
8,35,girl,98,woman,3,0.460033,0.136813,0.460033,0.917621,0.916658,0.31368,0.35654,0.31368,0.39209,3516 3528 3594
8,36,hamster,4,beaver,1,0.555069,0.050522,0.555069,0.926926,0.957159,0.361574,0.408888,0.361574,0.408888,3616
8,36,hamster,32,flatfish,1,0.285323,0.002856,0.285323,0.881096,0.930287,0.225206,0.410095,0.225206,0.410095,3607
8,36,hamster,50,mouse,4,0.81318,0.1722,0.81318,0.926945,0.926403,0.558846,0.63342,0.558846,0.63342,3602 3620 3644 3687
8,37,house,49,mountain,1,0.566309,0.158801,0.566309,0.874084,0.884868,0.29131,0.384917,0.29131,0.384917,3729
8,37,house,52,oak tree,2,0.400442,0.150582,0.400442,0.867692,0.833118,0.235351,0.155791,0.235351,0.155791,3725 3733
8,37,house,56,palm tree,2,0.865109,0.115714,0.865109,0.904923,0.928457,0.369591,0.45191,0.369591,0.45191,3723 3752
8,37,house,68,road,2,0.375526,0.206452,0.375526,0.920315,0.926575,0.44146,0.471949,0.44146,0.453369,3746 3794
8,38,kangaroo,4,beaver,1,0.571986,0.00185,0.571986,0.913973,0.94853,0.377257,0.551908,0.377257,0.551908,3833
8,38,kangaroo,11,boy,1,0.491191,0.180355,0.491191,0.881478,0.863171,0.308315,0.363237,0.308315,0.363237,3857
8,38,kangaroo,29,dinosaur,1,0.687329,0.208549,0.687329,0.936369,0.929636,0.367832,0.414082,0.367832,0.414082,3813
8,38,kangaroo,52,oak tree,1,0.400472,0.000972,0.400472,0.863625,0.861007,0.148145,0.218251,0.148145,0.218251,3835
8,38,kangaroo,65,rabbit,1,0.512174,0.092196,0.512174,0.91919,0.90059,0.503403,0.419789,0.503403,0.518237,3823
8,38,kangaroo,74,shrew,1,0.270517,0.000483,0.270517,0.929325,0.922703,0.171001,0.392624,0.171001,0.409861,3893
8,39,keyboard,52,oak tree,4,0.388416,0.16516,0.388416,0.897303,0.85147,0.259184,0.120322,0.259184,0.120322,3915 3919 3965 3987
8,39,keyboard,87,television,1,0.601669,0.001992,0.601669,0.944184,0.89706,0.276311,0.461992,0.276311,0.518447,3967
8,40,lamp,5,bed,1,0.711833,0.285459,0.711833,0.919694,0.906665,0.362873,0.501951,0.362873,0.501951,4085
8,40,lamp,23,cloud,1,0.79787,0.056622,0.79787,0.899952,0.929257,0.236194,0.41422,0.236194,0.41422,4023
8,40,lamp,28,cup,7,0.717522,0.246443,0.717522,0.90123,0.897283,0.379354,0.451021,0.379354,0.451021,4012 4035 4063 4067 4068 4082 4098
8,40,lamp,46,man,1,0.312732,0.170958,0.312732,0.903296,0.954814,0.36314,0.406384,0.36314,0.406384,4089
8,40,lamp,47,maple tree,2,0.73412,0.006363,0.73412,0.889232,0.899069,0.259265,0.49546,0.259265,0.49546,4011 4059
8,40,lamp,52,oak tree,9,0.40566,0.196615,0.40566,0.882618,0.835712,0.282041,0.137685,0.282041,0.137685,4002 4038 4042 4045 4050 4056 4074 4090 4096
8,40,lamp,86,telephone,2,0.382322,0.046457,0.382322,0.896089,0.91579,0.264699,0.266182,0.264699,0.304354,4025 4072
8,41,lawn mower,48,motorcycle,1,0.582281,0.413821,0.582281,0.865535,0.910406,0.436984,0.474013,0.436984,0.474013,4161
8,41,lawn mower,89,tractor,1,0.583565,0.340201,0.583565,0.91779,0.894632,0.460138,0.494326,0.460138,0.54768,4155
8,42,leopard,10,bowl,1,0.373413,0.001179,0.373413,0.932188,0.875457,0.048187,0.398179,0.048187,0.398179,4266
8,42,leopard,21,chimpanzee,1,0.243691,0.049799,0.243691,0.920753,0.93809,0.284251,0.223647,0.284251,0.223647,4213
8,42,leopard,33,forest,1,0.899707,0.00145,0.899707,0.893131,0.89466,0.212431,0.465172,0.212431,0.465172,4297
8,42,leopard,34,fox,1,0.533436,0.450503,0.533436,0.901317,0.917166,0.523196,0.458455,0.523196,0.458455,4218
8,42,leopard,38,kangaroo,2,0.972365,0.019803,0.972365,0.946935,0.933076,0.345962,0.53364,0.345962,0.53364,4206 4237
8,42,leopard,50,mouse,2,0.436891,0.050097,0.436891,0.923367,0.915855,0.323353,0.291192,0.323353,0.291192,4211 4236
8,42,leopard,52,oak tree,1,0.40242,0.011789,0.40242,0.926337,0.915213,0.299198,0.223245,0.299198,0.223245,4264
8,42,leopard,66,raccoon,1,0.174758,0.155262,0.174758,0.939686,0.922626,0.415928,0.301805,0.415928,0.338131,4242
8,42,leopard,88,tiger,3,0.496643,0.065202,0.496643,0.92365,0.908981,0.464451,0.574211,0.464451,0.623366,4230 4265 4279
8,43,lion,4,beaver,1,0.6068,0.001029,0.6068,0.865821,0.891686,0.241424,0.445509,0.241424,0.445509,4344
8,43,lion,29,dinosaur,1,0.939249,0.026874,0.939249,0.883602,0.875039,0.286649,0.468552,0.286649,0.468552,4335
8,43,lion,50,mouse,1,0.394904,0.314955,0.394904,0.962606,0.913674,0.321586,0.281072,0.321586,0.281072,4385
8,43,lion,52,oak tree,1,0.400024,0.057522,0.400024,0.91476,0.832247,0.217662,0.114574,0.217662,0.114574,4333
8,43,lion,55,otter,1,0.746619,0.000151,0.746619,0.828064,0.873817,0.205237,0.452207,0.205237,0.452207,4317
8,44,lizard,27,crocodile,1,0.592584,0.395441,0.592584,0.923363,0.921056,0.475133,0.487624,0.475133,0.487624,4464
8,44,lizard,29,dinosaur,1,0.866117,0.017804,0.866117,0.897827,0.913529,0.299257,0.39168,0.299257,0.39168,4489
8,44,lizard,35,girl,1,0.427732,0.009636,0.427732,0.909785,0.890153,0.273666,0.423336,0.273666,0.423336,4481
8,44,lizard,50,mouse,4,0.457545,0.111817,0.457545,0.893512,0.884979,0.349904,0.325026,0.349904,0.325026,4417 4419 4444 4470
8,44,lizard,51,mushroom,1,0.988176,0.000606,0.988176,0.932786,0.9206,0.243005,0.530919,0.243005,0.530919,4427
8,44,lizard,52,oak tree,2,0.400432,0.200885,0.400432,0.878788,0.823936,0.334596,0.155428,0.334596,0.155428,4437 4466
8,44,lizard,55,otter,1,0.503173,0.007257,0.503173,0.940276,0.945301,0.311607,0.451554,0.311607,0.451554,4460
8,44,lizard,57,pear,1,0.479864,0.078017,0.479864,0.929496,0.897736,0.284596,0.339302,0.284596,0.339302,4463
8,45,lobster,2,baby,2,0.633606,0.003093,0.633606,0.898289,0.866009,0.24034,0.419845,0.24034,0.419845,4516 4538
8,45,lobster,9,bottle,1,0.548707,0.004438,0.548707,0.892912,0.883054,0.320873,0.414269,0.320873,0.414269,4521
8,45,lobster,10,bowl,1,0.853627,0.100942,0.853627,0.928136,0.912086,0.320646,0.364551,0.320646,0.364551,4597
8,45,lobster,20,chair,1,0.981906,0.000198,0.981906,0.857795,0.848302,0.239638,0.408685,0.239638,0.408685,4598
8,45,lobster,26,crab,2,0.924627,0.052053,0.924627,0.915213,0.91232,0.298039,0.494368,0.298039,0.494368,4512 4524
8,45,lobster,33,forest,1,0.803439,0.001585,0.803439,0.916648,0.946085,0.289539,0.408619,0.289539,0.408619,4569
8,45,lobster,50,mouse,1,0.336283,0.040607,0.336283,0.889462,0.835058,0.274573,0.150992,0.274573,0.150992,4544
8,45,lobster,52,oak tree,15,0.389638,0.063583,0.389638,0.910732,0.860067,0.272215,0.102721,0.272215,0.102721,4509 4517 4518 4522 4525 4533 4537 4539 4552 4556 4560 4583 4589 4590 4596
8,45,lobster,53,orange,1,0.51242,0.081941,0.51242,0.933443,0.916913,0.365171,0.387945,0.365171,0.387945,4563
8,45,lobster,67,ray,2,0.496792,0.008972,0.496792,0.928879,0.908756,0.286405,0.44335,0.286405,0.466415,4584 4595
8,45,lobster,83,sweet pepper,1,0.570042,0.433017,0.570042,0.936379,0.948577,0.440292,0.445077,0.440292,0.450534,4575
8,45,lobster,87,television,1,0.360409,0.00818,0.360409,0.89594,0.807544,0.216256,0.380586,0.216256,0.391005,4520
8,46,man,2,baby,1,0.982333,0.011888,0.982333,0.92497,0.92639,0.282945,0.409931,0.282945,0.409931,4699
8,46,man,8,bicycle,1,0.997493,0.000156,0.997493,0.895572,0.920655,0.134099,0.328646,0.134099,0.328646,4638
8,46,man,11,boy,8,0.663176,0.124479,0.663176,0.875762,0.87981,0.342158,0.386156,0.342158,0.386156,4607 4611 4618 4626 4636 4680 4692 4698
8,46,man,33,forest,1,0.84446,0.002282,0.84446,0.935748,0.928096,0.302963,0.541613,0.302963,0.541613,4688
8,46,man,35,girl,2,0.644622,0.187667,0.644622,0.937776,0.931169,0.524078,0.552266,0.524078,0.552266,4613 4656
8,46,man,49,mountain,1,0.935882,0.004159,0.935882,0.913714,0.893838,0.186002,0.409838,0.186002,0.409838,4654
8,46,man,52,oak tree,9,0.407094,0.275252,0.407094,0.900979,0.836055,0.305146,0.189461,0.305146,0.189461,4600 4601 4630 4650 4660 4673 4678 4682 4690
8,46,man,71,sea,1,0.576815,0.011154,0.576815,0.911371,0.866328,0.243401,0.370736,0.243401,0.41192,4691
8,46,man,98,woman,1,0.5635,0.038757,0.5635,0.883985,0.889796,0.527765,0.552605,0.527765,0.608338,4676
8,47,maple tree,37,house,2,0.849304,0.050935,0.849304,0.94836,0.927298,0.505394,0.632535,0.505394,0.632535,4730 4734
8,47,maple tree,52,oak tree,39,0.835479,0.080877,0.835479,0.946202,0.948897,0.602162,0.656872,0.602162,0.656872,4701 4706 4708 4709 4710 4712 4714 4717 4719 4720 4721 4722 4728 4731 4732 4733 4736 4737 4738 4748 4749 4750 4756 4757 4761 4763 4766 4770 4775 4776 4777 4781 4783 4785 4790 4791 4794 4795 4797
8,47,maple tree,59,pine tree,2,0.778996,0.12204,0.778996,0.921774,0.925648,0.247594,0.295895,0.247594,0.295895,4767 4780
8,47,maple tree,68,road,1,0.572117,0.004379,0.572117,0.920065,0.931776,0.429059,0.564811,0.429059,0.643137,4702
8,47,maple tree,96,willow tree,1,0.511604,0.004289,0.511604,0.951673,0.956725,0.497082,0.631095,0.497082,0.635479,4771
8,48,motorcycle,8,bicycle,1,0.999759,0.000229,0.999759,0.927201,0.935308,0.373545,0.672882,0.373545,0.672882,4822
8,48,motorcycle,41,lawn mower,1,0.550642,0.445298,0.550642,0.868873,0.89483,0.5048,0.463478,0.5048,0.463478,4852
8,48,motorcycle,52,oak tree,1,0.400103,0.31765,0.400103,0.924742,0.873267,0.253122,0.118898,0.253122,0.118898,4833
8,49,mountain,56,palm tree,2,0.869666,0.114963,0.869666,0.950453,0.939696,0.427581,0.63073,0.427581,0.63073,4903 4950
8,49,mountain,59,pine tree,1,0.570272,0.270496,0.570272,0.972982,0.945302,0.501568,0.551918,0.501568,0.551918,4926
8,49,mountain,60,plain,1,0.528744,0.073205,0.528744,0.890182,0.904636,0.440774,0.413219,0.440774,0.518796,4988
8,49,mountain,71,sea,2,0.502994,0.075498,0.502994,0.906147,0.906916,0.393658,0.452491,0.393658,0.494438,4944 4968
8,49,mountain,90,train,1,0.601522,0.000309,0.601522,0.87175,0.887566,0.363101,0.502688,0.363101,0.534125,4956
8,50,mouse,20,chair,1,0.629077,0.005245,0.629077,0.924612,0.832616,0.123665,0.302479,0.123665,0.302479,5017
8,50,mouse,36,hamster,2,0.896127,0.0766,0.896127,0.932824,0.926821,0.442117,0.499852,0.442117,0.499852,5044 5071
8,50,mouse,52,oak tree,1,0.400532,0.00125,0.400532,0.89817,0.873545,0.095513,0.125193,0.095513,0.125193,5047
8,50,mouse,74,shrew,4,0.460026,0.24993,0.460026,0.927983,0.929913,0.473663,0.517055,0.473663,0.549808,5001 5031 5063 5077
8,51,mushroom,33,forest,1,0.470219,0.419521,0.470219,0.921567,0.910799,0.343659,0.33426,0.343659,0.33426,5123
8,51,mushroom,47,maple tree,1,0.424036,0.140997,0.424036,0.924032,0.888003,0.209979,0.182377,0.209979,0.182377,5158
8,51,mushroom,52,oak tree,2,0.398959,0.1998,0.398959,0.927418,0.89554,0.332217,0.155485,0.332217,0.155485,5177 5197
8,51,mushroom,74,shrew,1,0.581871,0.005205,0.581871,0.919495,0.9392,0.487129,0.454902,0.487129,0.506083,5117
8,52,oak tree,47,maple tree,15,0.750764,0.173886,0.750764,0.942612,0.941092,0.573275,0.62854,0.573275,0.62854,5203 5206 5216 5222 5223 5233 5236 5243 5260 5262 5268 5271 5273 5278 5289
8,52,oak tree,59,pine tree,1,0.910589,0.060412,0.910589,0.954642,0.969029,0.621576,0.668689,0.621576,0.668689,5227
8,54,orchid,25,couch,1,0.570853,0.39732,0.570853,0.95051,0.913914,0.258517,0.386608,0.258517,0.386608,5469
8,54,orchid,47,maple tree,1,0.398055,0.026766,0.398055,0.955837,0.920472,0.140484,0.071181,0.140484,0.071181,5491
8,54,orchid,50,mouse,1,0.309999,0.299393,0.309999,0.918659,0.901234,0.220569,0.070081,0.220569,0.070081,5433
8,54,orchid,70,rose,1,0.299596,0.252293,0.299596,0.955135,0.938463,0.205403,0.217772,0.205403,0.222013,5402
8,54,orchid,92,tulip,4,0.584508,0.010782,0.584508,0.938502,0.94232,0.141607,0.277643,0.141607,0.32206,5439 5454 5457 5463
8,55,otter,4,beaver,5,0.711495,0.245523,0.711495,0.910994,0.909675,0.466006,0.500457,0.466006,0.500457,5506 5519 5531 5566 5574
8,55,otter,15,camel,1,0.449438,0.272695,0.449438,0.952839,0.909046,0.453478,0.454941,0.453478,0.454941,5581
8,55,otter,29,dinosaur,2,0.971605,0.021597,0.971605,0.887733,0.904292,0.46069,0.599174,0.46069,0.599174,5502 5580
8,55,otter,40,lamp,1,0.970446,0.00038,0.970446,0.87616,0.917974,0.199501,0.429638,0.199501,0.429638,5510
8,55,otter,50,mouse,2,0.538161,0.082159,0.538161,0.882392,0.88837,0.376638,0.324812,0.376638,0.324812,5548 5596
8,55,otter,52,oak tree,5,0.373691,0.170144,0.373691,0.884212,0.832555,0.345682,0.165122,0.345682,0.165122,5541 5550 5555 5565 5582
8,55,otter,96,willow tree,1,0.199539,0.049339,0.199539,0.928701,0.924527,0.266957,0.457699,0.266957,0.425263,5551
8,56,palm tree,37,house,1,0.672295,0.323286,0.672295,0.912667,0.905417,0.458752,0.543061,0.458752,0.543061,5637
8,56,palm tree,52,oak tree,2,0.448669,0.262076,0.448669,0.945283,0.930904,0.489291,0.450079,0.489291,0.450079,5667 5688
8,56,palm tree,59,pine tree,1,0.803295,0.10294,0.803295,0.910519,0.925994,0.420216,0.424074,0.420216,0.424074,5616
8,57,pear,0,apple,6,0.891588,0.105736,0.891588,0.934575,0.938571,0.357487,0.435624,0.357487,0.435624,5727 5732 5740 5761 5775 5790
8,57,pear,50,mouse,1,0.381982,0.000248,0.381982,0.881669,0.875012,0.079608,0.103333,0.079608,0.103333,5792
8,57,pear,52,oak tree,2,0.400348,0.284081,0.400348,0.904507,0.869155,0.277514,0.086829,0.277514,0.086829,5787 5796
8,57,pear,53,orange,1,0.599639,0.327182,0.599639,0.931228,0.928934,0.25335,0.258891,0.25335,0.258891,5779
8,57,pear,54,orchid,1,0.383632,0.013673,0.383632,0.919534,0.959911,0.069069,0.194815,0.069069,0.194815,5706
8,57,pear,61,plate,1,0.399193,0.04181,0.399193,0.868316,0.861816,0.334643,0.469694,0.334643,0.494054,5776
8,58,pickup truck,13,bus,1,0.489945,0.000632,0.489945,0.891696,0.915392,0.113103,0.365897,0.113103,0.365897,5833
8,59,pine tree,23,cloud,1,0.890402,0.065729,0.890402,0.963329,0.960301,0.440118,0.490825,0.440118,0.490825,5931
8,59,pine tree,33,forest,1,0.976573,0.002486,0.976573,0.904001,0.921959,0.421901,0.626827,0.421901,0.626827,5902
8,59,pine tree,47,maple tree,1,0.679322,0.017964,0.679322,0.909393,0.910276,0.61443,0.749708,0.61443,0.749708,5930
8,59,pine tree,49,mountain,2,0.862568,0.048284,0.862568,0.892549,0.886742,0.404045,0.554839,0.404045,0.554839,5901 5935
8,59,pine tree,52,oak tree,15,0.779281,0.149134,0.779281,0.955924,0.960343,0.567412,0.593234,0.567412,0.593234,5903 5908 5912 5917 5918 5943 5960 5961 5967 5974 5975 5980 5984 5995 5997
8,59,pine tree,56,palm tree,1,0.987527,0.012059,0.987527,0.948842,0.953188,0.421033,0.566043,0.421033,0.566043,5949
8,59,pine tree,60,plain,1,0.5788,0.017498,0.5788,0.898966,0.909814,0.502993,0.550487,0.502993,0.65744,5906
8,59,pine tree,96,willow tree,1,0.264016,0.020609,0.264016,0.948396,0.945123,0.447734,0.545509,0.447734,0.551421,5979
8,60,plain,15,camel,1,0.849625,0.123157,0.849625,0.801729,0.865395,0.388704,0.412416,0.458341,0.412416,6096
8,60,plain,23,cloud,5,0.731415,0.100435,0.731415,0.857826,0.91208,0.370283,0.529587,0.431773,0.529587,6027 6044 6054 6062 6088
8,60,plain,49,mountain,1,0.90913,0.044708,0.90913,0.870493,0.903769,0.306686,0.405534,0.361042,0.405534,6050
8,60,plain,52,oak tree,10,0.535305,0.263268,0.535305,0.875002,0.908954,0.318143,0.401351,0.395083,0.401351,6019 6023 6032 6046 6065 6068 6069 6071 6082 6098
8,60,plain,68,road,6,0.468475,0.127307,0.468475,0.890573,0.906693,0.46579,0.528273,0.502988,0.589639,6007 6013 6024 6045 6084 6090
8,60,plain,71,sea,2,0.598916,0.008957,0.598916,0.921498,0.953046,0.418768,0.534809,0.427339,0.607401,6074 6092
8,61,plate,10,bowl,8,0.656277,0.114316,0.656277,0.913155,0.926659,0.430585,0.492123,0.451716,0.492123,6107 6111 6132 6137 6157 6169 6171 6172
8,61,plate,16,can,1,0.98662,0.011299,0.98662,0.922611,0.926865,0.36762,0.499149,0.349217,0.499149,6114
8,61,plate,22,clock,1,0.509051,0.093947,0.509051,0.926604,0.937173,0.43692,0.426244,0.466423,0.426244,6176
8,61,plate,43,lion,1,0.98262,0.010466,0.98262,0.874745,0.852988,0.350139,0.495422,0.389735,0.495422,6182
8,61,plate,50,mouse,2,0.400444,0.121057,0.400444,0.885141,0.863031,0.276518,0.163204,0.309225,0.163204,6135 6191
8,61,plate,52,oak tree,3,0.375548,0.241401,0.375548,0.890334,0.830917,0.313305,0.151725,0.338327,0.151725,6167 6183 6198
8,61,plate,55,otter,1,0.401468,0.326318,0.401468,0.919143,0.8919,0.332685,0.32102,0.376193,0.32102,6120
8,61,plate,77,snail,1,0.591787,0.009429,0.591787,0.86518,0.866346,0.343551,0.33629,0.346459,0.37692,6185
8,62,poppy,35,girl,1,0.763802,0.030439,0.763802,0.910146,0.881385,0.085234,0.383574,0.109067,0.383574,6299
8,62,poppy,52,oak tree,1,0.400047,0.398316,0.400047,0.874895,0.851651,0.299391,0.017327,0.293853,0.017327,6224
8,62,poppy,69,rocket,1,0.404946,0.004051,0.404946,0.84422,0.90097,0.107587,0.303939,0.159748,0.325981,6217
8,62,poppy,70,rose,2,0.464851,0.135604,0.464851,0.939878,0.939648,0.32258,0.482272,0.427782,0.542171,6243 6272
8,62,poppy,92,tulip,3,0.470216,0.068217,0.470216,0.937851,0.943923,0.303902,0.270667,0.356664,0.365481,6225 6227 6295
8,63,porcupine,2,baby,1,0.57813,0.003985,0.57813,0.865518,0.926537,0.175554,0.451224,0.1915,0.451224,6368
8,63,porcupine,3,bear,4,0.510236,0.033134,0.510236,0.898664,0.928338,0.321311,0.401108,0.329196,0.401108,6334 6347 6370 6397
8,63,porcupine,4,beaver,8,0.78049,0.083327,0.78049,0.916216,0.930079,0.395971,0.465806,0.39867,0.465806,6307 6320 6325 6329 6333 6354 6369 6384
8,63,porcupine,6,bee,1,0.218568,0.007247,0.218568,0.858319,0.9015,0.190167,0.341699,0.178915,0.341699,6317
8,63,porcupine,27,crocodile,1,0.271405,0.072716,0.271405,0.901229,0.94592,0.336519,0.443291,0.35617,0.443291,6379
8,63,porcupine,50,mouse,6,0.429302,0.113982,0.429302,0.867862,0.894799,0.386199,0.35691,0.430499,0.35691,6306 6315 6322 6371 6377 6387
8,63,porcupine,52,oak tree,7,0.377478,0.039528,0.377478,0.858615,0.848324,0.238294,0.205305,0.257941,0.205305,6305 6310 6324 6332 6335 6366 6372
8,63,porcupine,59,pine tree,1,0.399126,0.014644,0.399126,0.922182,0.857811,0.229357,0.221261,0.227374,0.221261,6398
8,63,porcupine,66,raccoon,4,0.355949,0.048996,0.355949,0.922701,0.909776,0.354453,0.413559,0.383866,0.442644,6349 6380 6385 6395
8,63,porcupine,74,shrew,3,0.444478,0.092897,0.444478,0.917822,0.907071,0.480386,0.518349,0.502947,0.553064,6338 6355 6396
8,63,porcupine,75,skunk,1,0.580356,0.014742,0.580356,0.926874,0.927067,0.297054,0.34019,0.325424,0.472909,6314
8,64,possum,3,bear,1,0.94696,0.006712,0.94696,0.928727,0.932009,0.254692,0.481124,0.286102,0.481124,6443
8,64,possum,4,beaver,2,0.67435,0.009901,0.67435,0.879521,0.909846,0.240226,0.488432,0.293759,0.488432,6418 6485
8,64,possum,33,forest,2,0.432241,0.187311,0.432241,0.868667,0.872745,0.300402,0.38159,0.322483,0.38159,6432 6496
8,64,possum,34,fox,1,0.585545,0.087998,0.585545,0.894873,0.893362,0.22513,0.258373,0.213831,0.258373,6423
8,64,possum,36,hamster,2,0.602374,0.082428,0.602374,0.868432,0.896169,0.253947,0.364841,0.314891,0.364841,6422 6459
8,64,possum,50,mouse,12,0.633809,0.137295,0.633809,0.914698,0.922293,0.425024,0.484513,0.429906,0.484513,6401 6424 6429 6437 6440 6449 6453 6457 6458 6477 6488 6495
8,64,possum,52,oak tree,3,0.38441,0.017953,0.38441,0.895868,0.842299,0.156493,0.132945,0.159865,0.132945,6426 6470 6478
8,64,possum,55,otter,2,0.86431,0.010351,0.86431,0.929198,0.945796,0.184955,0.407772,0.216408,0.407772,6471 6479
8,64,possum,66,raccoon,1,0.369148,0.134709,0.369148,0.903414,0.913561,0.411892,0.416424,0.408767,0.433416,6420
8,65,rabbit,20,chair,1,0.542313,0.00433,0.542313,0.864387,0.803991,0.072409,0.309127,0.070828,0.309127,6513
8,65,rabbit,38,kangaroo,3,0.529967,0.289216,0.529967,0.897883,0.910623,0.353779,0.399722,0.393253,0.399722,6502 6542 6590
8,65,rabbit,50,mouse,5,0.48596,0.16024,0.48596,0.890247,0.882508,0.328607,0.323233,0.321239,0.323233,6500 6577 6581 6596 6598
8,65,rabbit,52,oak tree,1,0.400445,0.350156,0.400445,0.924915,0.872628,0.280881,0.198601,0.296038,0.198601,6576
8,65,rabbit,75,skunk,2,0.394382,0.066282,0.394382,0.922768,0.916775,0.287734,0.335767,0.280194,0.325831,6543 6574
8,66,raccoon,34,fox,1,0.566999,0.153793,0.566999,0.863523,0.872143,0.425013,0.470715,0.453616,0.470715,6606
8,66,raccoon,38,kangaroo,1,0.487827,0.412766,0.487827,0.927672,0.933218,0.395453,0.41428,0.384101,0.41428,6692
8,66,raccoon,50,mouse,3,0.427292,0.025224,0.427292,0.891147,0.916513,0.250057,0.303968,0.274679,0.303968,6650 6666 6698
8,66,raccoon,52,oak tree,4,0.40814,0.008968,0.40814,0.87743,0.883409,0.150214,0.175928,0.158014,0.175928,6613 6643 6677 6681
8,66,raccoon,55,otter,2,0.542223,0.074138,0.542223,0.914005,0.919577,0.335608,0.471876,0.336205,0.471876,6618 6637
8,66,raccoon,80,squirrel,1,0.399462,0.018073,0.399462,0.90521,0.930877,0.226541,0.442389,0.24351,0.415665,6605
8,67,ray,32,flatfish,13,0.630246,0.117411,0.630246,0.879901,0.89651,0.427965,0.471458,0.457956,0.471458,6710 6716 6742 6743 6744 6751 6763 6769 6778 6779 6780 6788 6799
8,67,ray,50,mouse,3,0.319006,0.079164,0.319006,0.918109,0.919992,0.325852,0.232904,0.306074,0.232904,6752 6762 6797
8,67,ray,51,mushroom,1,0.852336,0.02448,0.852336,0.931402,0.9317,0.225203,0.353414,0.297156,0.353414,6719
8,67,ray,52,oak tree,4,0.401376,0.19003,0.401376,0.902401,0.870972,0.327033,0.128801,0.332489,0.128801,6740 6757 6770 6786
8,67,ray,53,orange,1,0.726489,0.004264,0.726489,0.909874,0.882628,0.145743,0.316412,0.157171,0.316412,6722
8,67,ray,73,shark,3,0.387523,0.219078,0.387523,0.929341,0.922305,0.501263,0.49748,0.562259,0.532512,6729 6733 6790
8,67,ray,99,worm,1,0.494448,0.043117,0.494448,0.922506,0.88103,0.296451,0.419645,0.305745,0.433913,6785
8,68,road,33,forest,4,0.686956,0.299434,0.686956,0.925496,0.929694,0.428447,0.545026,0.476733,0.545026,6809 6816 6817 6848
8,68,road,37,house,1,0.994844,0.009233,0.994844,0.883209,0.893117,0.387073,0.574202,0.38781,0.574202,6829
8,68,road,60,plain,1,0.428016,0.057177,0.428016,0.880551,0.848155,0.306257,0.351012,0.360462,0.439726,6893
8,68,road,71,sea,1,0.31766,0.068393,0.31766,0.905486,0.90224,0.35544,0.291791,0.32411,0.327862,6824
8,69,rocket,23,cloud,2,0.40452,0.075503,0.40452,0.894863,0.918502,0.200298,0.379364,0.268636,0.379364,6938 6968
8,69,rocket,50,mouse,1,0.325316,0.159343,0.325316,0.822423,0.785115,0.253165,0.15262,0.32843,0.15262,6920
8,69,rocket,52,oak tree,3,0.412402,0.038678,0.412402,0.865087,0.860913,0.135929,0.183906,0.173213,0.183906,6922 6931 6933
8,69,rocket,71,sea,4,0.425874,0.108622,0.425874,0.871095,0.867111,0.241436,0.374769,0.319729,0.40765,6927 6947 6949 6963
8,69,rocket,85,tank,1,0.59851,0.009712,0.59851,0.920201,0.867154,0.30679,0.603731,0.366274,0.645072,6991
8,70,rose,28,cup,1,0.700004,0.268241,0.700004,0.866755,0.835603,0.354051,0.53457,0.382118,0.53457,7055
8,70,rose,52,oak tree,2,0.474503,0.156855,0.474503,0.905567,0.896281,0.244898,0.235467,0.247045,0.235467,7033 7066
8,70,rose,62,poppy,2,0.398498,0.207238,0.398498,0.911244,0.934137,0.371853,0.243583,0.439635,0.31767,7053 7098
8,70,rose,68,road,1,0.603329,0.004102,0.603329,0.848656,0.902201,0.198429,0.448888,0.200419,0.566219,7067
8,71,sea,23,cloud,2,0.767518,0.235837,0.767518,0.93181,0.936618,0.532452,0.624545,0.55475,0.624545,7125 7185
8,71,sea,30,dolphin,1,0.524004,0.238125,0.524004,0.93397,0.921881,0.305443,0.419116,0.366062,0.419116,7144
8,71,sea,33,forest,1,0.885171,0.019994,0.885171,0.927781,0.925175,0.327122,0.548735,0.35434,0.548735,7189
8,71,sea,49,mountain,1,0.940798,0.016828,0.940798,0.924914,0.925099,0.256883,0.406262,0.278824,0.406262,7109
8,71,sea,52,oak tree,3,0.401129,0.107557,0.401129,0.908925,0.89553,0.287587,0.201807,0.302145,0.201807,7162 7190 7198
8,71,sea,56,palm tree,1,0.999882,0.004239,0.999882,0.877736,0.925672,0.226084,0.584625,0.289775,0.584625,7136
8,71,sea,59,pine tree,1,0.315281,0.187566,0.315281,0.904811,0.914627,0.406172,0.466209,0.482089,0.466209,7101
8,71,sea,60,plain,1,0.351013,0.172443,0.351013,0.899636,0.876816,0.29186,0.369311,0.318004,0.335135,7154
8,71,sea,68,road,1,0.369648,0.144591,0.369648,0.931836,0.910587,0.348197,0.451735,0.409881,0.491296,7179
8,71,sea,95,whale,1,0.584325,0.014883,0.584325,0.914719,0.929824,0.380227,0.486362,0.413951,0.505227,7168
8,72,seal,3,bear,2,0.785366,0.133926,0.785366,0.922242,0.939904,0.449685,0.509084,0.469747,0.509084,7237 7254
8,72,seal,27,crocodile,1,0.64746,0.056559,0.64746,0.888036,0.931415,0.317922,0.403745,0.34247,0.403745,7281
8,72,seal,30,dolphin,2,0.922278,0.012432,0.922278,0.888338,0.925133,0.23745,0.406457,0.26755,0.406457,7238 7277
8,72,seal,50,mouse,1,0.527292,0.005571,0.527292,0.931943,0.940742,0.272441,0.484107,0.293981,0.484107,7271
8,72,seal,52,oak tree,5,0.400289,0.045301,0.400289,0.895201,0.870263,0.216081,0.156853,0.237529,0.156853,7215 7222 7257 7262 7267
8,72,seal,55,otter,18,0.6585,0.147987,0.6585,0.908509,0.928547,0.363702,0.458381,0.396376,0.458381,7202 7203 7205 7206 7211 7212 7219 7220 7236 7243 7268 7270 7274 7279 7286 7287 7292 7296
8,72,seal,57,pear,1,0.680025,0.232241,0.680025,0.874861,0.87409,0.305786,0.327591,0.324742,0.327591,7213
8,72,seal,66,raccoon,1,0.287952,0.023203,0.287952,0.933573,0.910376,0.314075,0.404263,0.35003,0.420385,7209
8,72,seal,73,shark,3,0.493967,0.058962,0.493967,0.898179,0.943802,0.305752,0.480688,0.341519,0.497313,7247 7265 7283
8,72,seal,93,turtle,2,0.589543,0.00472,0.589543,0.873318,0.916095,0.215727,0.365856,0.249589,0.405935,7223 7234
8,73,shark,1,aquarium fish,2,0.741198,0.008959,0.741198,0.880039,0.896717,0.222212,0.45148,0.231637,0.45148,7328 7348
8,73,shark,27,crocodile,3,0.4459,0.171307,0.4459,0.865189,0.865762,0.138906,0.303629,0.156899,0.303629,7347 7372 7374
8,73,shark,30,dolphin,14,0.760654,0.148151,0.760654,0.922285,0.924896,0.313914,0.450089,0.349195,0.450089,7302 7305 7307 7308 7314 7332 7353 7363 7368 7387 7388 7391 7393 7394
8,73,shark,46,man,1,0.911629,0.00551,0.911629,0.854098,0.867746,0.118572,0.458782,0.133379,0.458782,7381
8,73,shark,50,mouse,1,0.411672,0.005062,0.411672,0.828797,0.856426,0.15229,0.26767,0.155432,0.26767,7324
8,73,shark,55,otter,1,0.866196,0.033981,0.866196,0.89238,0.923298,0.308576,0.417432,0.345154,0.417432,7336
8,73,shark,67,ray,1,0.341687,0.24607,0.341687,0.854339,0.857421,0.287682,0.378335,0.361949,0.390537,7346
8,73,shark,69,rocket,1,0.548983,0.006369,0.548983,0.836012,0.898144,0.262065,0.36694,0.278032,0.393964,7303
8,73,shark,95,whale,1,0.218513,0.142515,0.218513,0.792032,0.851605,0.313248,0.312231,0.343794,0.31015,7365
8,73,shark,99,worm,1,0.49183,0.004202,0.49183,0.894532,0.928874,0.095431,0.436925,0.104198,0.452419,7316
8,74,shrew,3,bear,1,0.185185,0.110048,0.185185,0.888546,0.915832,0.498714,0.404007,0.490041,0.404007,7436
8,74,shrew,4,beaver,3,0.691885,0.105752,0.691885,0.924411,0.931002,0.425784,0.510008,0.449628,0.510008,7412 7455 7470
8,74,shrew,27,crocodile,1,0.3289,0.046217,0.3289,0.931321,0.956908,0.245308,0.310948,0.284856,0.310948,7433
8,74,shrew,33,forest,1,0.434739,0.186191,0.434739,0.918896,0.949942,0.374401,0.342711,0.406,0.342711,7483
8,74,shrew,45,lobster,1,0.454605,0.103558,0.454605,0.907087,0.918037,0.373925,0.463985,0.411184,0.463985,7445
8,74,shrew,50,mouse,35,0.676708,0.136771,0.676708,0.901786,0.913842,0.430168,0.502408,0.455215,0.502408,7401 7404 7406 7407 7408 7415 7416 7417 7424 7428 7430 7432 7435 7438 7448 7450 7451 7452 7453 7454 7458 7459 7461 7466 7467 7468 7471 7472 7473 7475 7479 7481 7487 7492 7494
8,74,shrew,51,mushroom,1,0.22566,0.217464,0.22566,0.856293,0.866336,0.274678,0.339514,0.311142,0.339514,7460
8,74,shrew,55,otter,1,0.233619,0.22928,0.233619,0.881439,0.885216,0.364897,0.448169,0.390091,0.448169,7484
8,74,shrew,64,possum,1,0.586123,0.013694,0.586123,0.906846,0.932851,0.480005,0.584056,0.488797,0.62162,7419
8,74,shrew,66,raccoon,1,0.553857,0.004549,0.553857,0.937451,0.921975,0.217736,0.361025,0.256748,0.402193,7421
8,74,shrew,77,snail,1,0.323346,0.250937,0.323346,0.862125,0.884047,0.344408,0.304758,0.357259,0.320941,7498
8,75,skunk,14,butterfly,1,0.881315,0.11121,0.881315,0.909051,0.908108,0.340953,0.500854,0.401255,0.500854,7530
8,75,skunk,29,dinosaur,1,0.785927,0.176467,0.785927,0.886642,0.911963,0.425611,0.432511,0.439155,0.432511,7501
8,75,skunk,50,mouse,1,0.445884,0.098756,0.445884,0.854334,0.866147,0.242149,0.287816,0.293411,0.287816,7502
8,75,skunk,52,oak tree,3,0.399932,0.149069,0.399932,0.899769,0.834959,0.316315,0.140655,0.299701,0.140655,7505 7527 7552
8,75,skunk,66,raccoon,1,0.272019,0.062642,0.272019,0.926916,0.918036,0.201346,0.311211,0.273426,0.330946,7549
8,76,skyscraper,23,cloud,4,0.796058,0.055973,0.796058,0.846479,0.906892,0.331863,0.448037,0.362501,0.448037,7601 7603 7646 7681
8,76,skyscraper,52,oak tree,6,0.402595,0.114074,0.402595,0.86921,0.870919,0.20592,0.152226,0.248498,0.152226,7606 7623 7626 7631 7662 7693
8,76,skyscraper,69,rocket,3,0.472985,0.1108,0.472985,0.907527,0.907759,0.298718,0.356728,0.336039,0.416236,7635 7638 7639
8,77,snail,4,beaver,1,0.647041,0.064579,0.647041,0.934699,0.920054,0.305878,0.418473,0.292931,0.418473,7788
8,77,snail,50,mouse,4,0.537986,0.130302,0.537986,0.923241,0.913079,0.375838,0.337114,0.37993,0.337114,7710 7719 7760 7781
8,77,snail,52,oak tree,3,0.4007,0.080444,0.4007,0.923845,0.889751,0.311269,0.141415,0.319092,0.141415,7724 7729 7773
8,77,snail,59,pine tree,1,0.524444,0.008674,0.524444,0.924089,0.929373,0.08735,0.221566,0.102167,0.221566,7745
8,77,snail,74,shrew,1,0.148029,0.010245,0.148029,0.93199,0.924789,0.300505,0.35092,0.280072,0.387363,7779
8,77,snail,84,table,1,0.480925,0.034554,0.480925,0.881337,0.835576,0.318105,0.252323,0.270389,0.293168,7716
8,78,snake,44,lizard,1,0.406123,0.1425,0.406123,0.90361,0.933323,0.131134,0.190737,0.183934,0.190737,7846
8,78,snake,52,oak tree,2,0.398541,0.21249,0.398541,0.904308,0.868171,0.198824,0.07008,0.238917,0.07008,7849 7862
8,78,snake,99,worm,9,0.533977,0.064916,0.533977,0.887089,0.907662,0.434735,0.483345,0.461937,0.527152,7809 7822 7829 7855 7856 7869 7870 7871 7874
8,79,spider,7,beetle,2,0.29082,0.18175,0.29082,0.902602,0.914481,0.367927,0.383483,0.439495,0.383483,7908 7978
8,79,spider,18,caterpillar,1,0.257394,0.241321,0.257394,0.931266,0.959701,0.298075,0.367898,0.421102,0.367898,7934
8,79,spider,26,crab,2,0.784586,0.154064,0.784586,0.910851,0.929466,0.336526,0.42442,0.387583,0.42442,7907 7951
8,79,spider,40,lamp,1,0.595434,0.007473,0.595434,0.761561,0.824611,0.240386,0.348361,0.322046,0.348361,7950
8,79,spider,50,mouse,3,0.397497,0.165827,0.397497,0.89537,0.906393,0.309124,0.253058,0.342207,0.253058,7967 7977 7986
8,79,spider,52,oak tree,2,0.401272,0.230214,0.401272,0.920151,0.903706,0.265363,0.073729,0.324645,0.073729,7974 7994
8,80,squirrel,15,camel,1,0.426458,0.004594,0.426458,0.901733,0.902988,0.152002,0.252223,0.129475,0.252223,8038
8,80,squirrel,33,forest,1,0.974294,0.010355,0.974294,0.922357,0.925579,0.466713,0.595956,0.360908,0.595956,8015
8,80,squirrel,50,mouse,10,0.603317,0.062198,0.603317,0.890652,0.899653,0.334958,0.424525,0.363277,0.424525,8009 8042 8048 8049 8057 8061 8065 8071 8088 8096
8,80,squirrel,52,oak tree,8,0.386852,0.086535,0.386852,0.898975,0.871397,0.315543,0.144247,0.292583,0.144247,8007 8008 8018 8023 8035 8063 8074 8097
8,80,squirrel,55,otter,1,0.401616,0.005569,0.401616,0.933301,0.951574,0.24017,0.413496,0.207419,0.413496,8022
8,80,squirrel,74,shrew,1,0.198869,0.11143,0.198869,0.933003,0.930175,0.417917,0.352873,0.378479,0.381631,8024
8,80,squirrel,75,skunk,2,0.541833,0.005615,0.541833,0.91226,0.917466,0.243082,0.375312,0.216266,0.401184,8006 8087
8,80,squirrel,84,table,1,0.497288,0.050653,0.497288,0.941231,0.901202,0.174403,0.288424,0.174473,0.315532,8062
8,81,streetcar,13,bus,10,0.677675,0.091156,0.677675,0.862801,0.893373,0.425619,0.482208,0.446528,0.482208,8129 8139 8145 8152 8164 8165 8170 8175 8192 8197
8,81,streetcar,52,oak tree,5,0.39019,0.262635,0.39019,0.898349,0.87836,0.310318,0.2023,0.330678,0.2023,8105 8119 8146 8149 8159
8,81,streetcar,68,road,1,0.573969,0.011865,0.573969,0.861322,0.905008,0.35087,0.489971,0.348327,0.478295,8156
8,81,streetcar,90,train,3,0.368321,0.240108,0.368321,0.879788,0.91191,0.529746,0.4631,0.581013,0.510414,8153 8160 8199
8,82,sunflower,52,oak tree,1,0.388852,0.060762,0.388852,0.891465,0.862781,0.352157,0.220351,0.362968,0.220351,8211
8,82,sunflower,62,poppy,1,0.546365,0.008231,0.546365,0.954561,0.927269,0.224842,0.33743,0.228885,0.425065,8250
8,83,sweet pepper,0,apple,1,0.998603,0.004357,0.998603,0.867042,0.928552,0.12884,0.387285,0.166898,0.387285,8305
8,83,sweet pepper,47,maple tree,1,0.400328,0.230564,0.400328,0.883829,0.840438,0.24514,0.139599,0.254745,0.139599,8307
8,83,sweet pepper,50,mouse,1,0.308141,0.142032,0.308141,0.837608,0.835987,0.335442,0.134108,0.333631,0.134108,8369
8,83,sweet pepper,52,oak tree,2,0.397594,0.215717,0.397594,0.856853,0.805035,0.233706,0.0613,0.230588,0.0613,8352 8380
8,83,sweet pepper,53,orange,1,0.998246,0.00544,0.998246,0.912621,0.943823,0.182556,0.394211,0.214293,0.394211,8338
8,83,sweet pepper,57,pear,1,0.974373,0.019866,0.974373,0.827848,0.854052,0.323638,0.377188,0.322392,0.377188,8330
8,83,sweet pepper,70,rose,1,0.476489,0.018668,0.476489,0.910144,0.939379,0.081441,0.216778,0.120778,0.241137,8391
8,84,table,5,bed,2,0.937916,0.06307,0.937916,0.847565,0.864305,0.27917,0.515837,0.334136,0.515837,8422 8445
8,84,table,20,chair,7,0.820897,0.046676,0.820897,0.883012,0.9125,0.20611,0.423283,0.258148,0.423283,8410 8415 8417 8435 8449 8476 8487
8,84,table,25,couch,1,0.634027,0.368878,0.634027,0.892356,0.883271,0.359164,0.561838,0.445647,0.561838,8418
8,84,table,35,girl,1,0.431722,0.373897,0.431722,0.883496,0.905962,0.333409,0.373766,0.410881,0.373766,8412
8,84,table,37,house,1,0.564932,0.015312,0.564932,0.907392,0.937132,0.259576,0.432863,0.324831,0.432863,8419
8,84,table,40,lamp,1,0.807104,0.175134,0.807104,0.893869,0.916101,0.44361,0.475344,0.435794,0.475344,8467
8,84,table,52,oak tree,6,0.401019,0.203399,0.401019,0.886679,0.875806,0.28509,0.190123,0.32096,0.190123,8426 8430 8439 8446 8484 8489
8,85,tank,52,oak tree,1,0.401394,0.137785,0.401394,0.851347,0.832853,0.309524,0.232769,0.301733,0.232769,8511
8,85,tank,84,table,1,0.577898,0.006662,0.577898,0.88082,0.937555,0.244928,0.329575,0.261791,0.37967,8512
8,85,tank,89,tractor,1,0.533431,0.072099,0.533431,0.861493,0.894287,0.309569,0.393368,0.298075,0.425423,8517
8,86,telephone,22,clock,2,0.520417,0.05641,0.520417,0.892403,0.900366,0.240193,0.333919,0.266455,0.333919,8651 8674
8,86,telephone,40,lamp,1,0.555773,0.0203,0.555773,0.905932,0.933618,0.217722,0.353729,0.223287,0.353729,8649
8,86,telephone,50,mouse,1,0.404512,0.080881,0.404512,0.857897,0.861496,0.294363,0.178567,0.292763,0.178567,8605
8,86,telephone,52,oak tree,3,0.400105,0.176887,0.400105,0.864396,0.805718,0.21773,0.104705,0.247542,0.104705,8619 8664 8697
8,87,television,5,bed,1,0.996503,0.004272,0.996503,0.844222,0.937626,0.207659,0.49456,0.268177,0.49456,8757
8,87,television,11,boy,1,0.726659,0.204727,0.726659,0.811173,0.831301,0.307044,0.452282,0.35865,0.452282,8753
8,87,television,22,clock,1,0.857525,0.133599,0.857525,0.910814,0.934826,0.337306,0.43856,0.363819,0.43856,8749
8,87,television,25,couch,1,0.809311,0.015146,0.809311,0.833815,0.910878,0.251782,0.398935,0.312048,0.398935,8702
8,87,television,35,girl,1,0.523017,0.289024,0.523017,0.869072,0.8752,0.288759,0.440594,0.356094,0.440594,8764
8,87,television,40,lamp,1,0.569463,0.02652,0.569463,0.871315,0.892734,0.219104,0.361221,0.280105,0.361221,8700
8,87,television,46,man,1,0.468406,0.058017,0.468406,0.873055,0.939903,0.224667,0.30268,0.241169,0.30268,8780
8,87,television,52,oak tree,6,0.402497,0.150788,0.402497,0.868657,0.881145,0.237158,0.178775,0.288787,0.178775,8722 8726 8755 8759 8760 8775
8,87,television,86,telephone,1,0.542114,0.063979,0.542114,0.870587,0.910643,0.393446,0.399197,0.424488,0.446748,8717
8,87,television,94,wardrobe,2,0.334973,0.113321,0.334973,0.903128,0.929926,0.224052,0.321556,0.291453,0.353027,8705 8766
8,88,tiger,34,fox,1,0.58865,0.014053,0.58865,0.934721,0.96833,0.491007,0.512174,0.510356,0.512174,8849
8,88,tiger,42,leopard,6,0.648213,0.236665,0.648213,0.90839,0.926344,0.420808,0.481323,0.437931,0.481323,8801 8815 8816 8861 8884 8892
8,88,tiger,43,lion,2,0.48854,0.147564,0.48854,0.902415,0.919647,0.380182,0.426111,0.409397,0.426111,8822 8840
8,88,tiger,45,lobster,1,0.217374,0.204694,0.217374,0.87172,0.920175,0.458157,0.431357,0.465485,0.431357,8885
8,88,tiger,52,oak tree,2,0.393567,0.161433,0.393567,0.899842,0.882343,0.24287,0.119228,0.289121,0.119228,8834 8868
8,89,tractor,41,lawn mower,2,0.747866,0.252468,0.747866,0.871198,0.904354,0.45736,0.469337,0.493168,0.469337,8982 8990
8,90,train,12,bridge,1,0.488001,0.050102,0.488001,0.89497,0.906522,0.23499,0.330986,0.240352,0.330986,9030
8,90,train,33,forest,1,0.5081,0.253455,0.5081,0.828956,0.87317,0.440284,0.502827,0.454054,0.502827,9006
8,90,train,49,mountain,1,0.985788,0.016518,0.985788,0.903963,0.894435,0.233051,0.533542,0.237168,0.533542,9019
8,90,train,52,oak tree,4,0.398022,0.113258,0.398022,0.867428,0.879417,0.288419,0.218964,0.288741,0.218964,9015 9016 9024 9056
8,90,train,81,streetcar,12,0.510781,0.097593,0.510781,0.886032,0.882057,0.409165,0.509899,0.451692,0.581004,9007 9018 9021 9025 9046 9051 9054 9059 9060 9064 9078 9082
8,90,train,85,tank,1,0.522476,0.013557,0.522476,0.807664,0.823368,0.306891,0.392629,0.295014,0.394073,9048
8,90,train,87,television,1,0.408254,0.004277,0.408254,0.852846,0.884429,0.108608,0.293695,0.107949,0.31701,9017
8,91,trout,1,aquarium fish,6,0.885728,0.100793,0.885728,0.891041,0.916452,0.30635,0.54754,0.395906,0.54754,9105 9138 9144 9187 9193 9199
8,91,trout,30,dolphin,1,0.338764,0.11743,0.338764,0.891847,0.936102,0.428466,0.482881,0.560422,0.482881,9171
8,91,trout,44,lizard,1,0.978599,0.006101,0.978599,0.86497,0.925226,0.270333,0.486344,0.339383,0.486344,9124
8,91,trout,49,mountain,1,0.794384,0.117623,0.794384,0.88549,0.917098,0.395968,0.448156,0.363445,0.448156,9190
8,91,trout,52,oak tree,4,0.372726,0.082164,0.372726,0.885418,0.868074,0.29277,0.124599,0.308737,0.124599,9155 9162 9180 9183
8,92,tulip,50,mouse,1,0.402103,0.119227,0.402103,0.911181,0.859351,0.073684,0.132623,0.128086,0.132623,9295
8,92,tulip,52,oak tree,5,0.396242,0.221957,0.396242,0.938594,0.884175,0.209828,0.077824,0.250908,0.077824,9205 9215 9216 9251 9292
8,92,tulip,54,orchid,2,0.508455,0.057855,0.508455,0.939872,0.95661,0.22407,0.252629,0.208706,0.252629,9265 9283
8,92,tulip,62,poppy,4,0.536223,0.072406,0.536223,0.922691,0.927415,0.407231,0.434693,0.461758,0.510161,9225 9258 9274 9282
8,92,tulip,70,rose,5,0.502018,0.071533,0.502018,0.939764,0.947703,0.236395,0.384815,0.295552,0.427263,9211 9219 9248 9263 9279
8,92,tulip,82,sunflower,1,0.20963,0.143851,0.20963,0.935727,0.945232,0.232264,0.209412,0.235604,0.219957,9233
8,93,turtle,7,beetle,1,0.284641,0.258968,0.284641,0.890985,0.919261,0.364815,0.37784,0.424311,0.37784,9394
8,93,turtle,50,mouse,1,0.969338,0.004233,0.969338,0.840449,0.868084,0.225439,0.547749,0.224316,0.547749,9333
8,93,turtle,52,oak tree,5,0.345431,0.069974,0.345431,0.885005,0.859667,0.262121,0.139589,0.280816,0.139589,9326 9352 9368 9375 9395
8,93,turtle,55,otter,3,0.545125,0.047079,0.545125,0.909983,0.939719,0.349588,0.393534,0.364186,0.393534,9342 9358 9390
8,93,turtle,72,seal,1,0.2725,0.004947,0.2725,0.836308,0.870438,0.26056,0.451684,0.284702,0.5058,9331
8,93,turtle,77,snail,2,0.301463,0.042119,0.301463,0.893752,0.916963,0.199203,0.318186,0.209264,0.326718,9314 9330
8,94,wardrobe,5,bed,1,0.897111,0.106777,0.897111,0.926693,0.920609,0.361972,0.551233,0.397017,0.551233,9443
8,94,wardrobe,52,oak tree,1,0.400339,0.019314,0.400339,0.849536,0.858998,0.165576,0.167607,0.21729,0.167607,9483
8,94,wardrobe,84,table,2,0.406004,0.104061,0.406004,0.901052,0.90656,0.32213,0.386546,0.378635,0.411635,9439 9463
8,95,whale,30,dolphin,33,0.812426,0.122995,0.812426,0.908336,0.920018,0.429806,0.561267,0.472328,0.561267,9500 9504 9512 9514 9515 9517 9526 9527 9531 9532 9537 9539 9541 9552 9553 9554 9557 9560 9562 9567 9573 9574 9579 9581 9583 9586 9588 9589 9591 9592 9593 9594 9598
8,95,whale,50,mouse,1,0.604105,0.178427,0.604105,0.884879,0.920789,0.398045,0.27806,0.355619,0.27806,9564
8,95,whale,52,oak tree,1,0.400232,0.007926,0.400232,0.883374,0.887474,0.122545,0.084352,0.11006,0.084352,9546
8,95,whale,71,sea,1,0.558029,0.035385,0.558029,0.916615,0.894668,0.255142,0.337096,0.297771,0.381914,9507
8,95,whale,73,shark,9,0.46824,0.082115,0.46824,0.915419,0.916572,0.377496,0.506064,0.390555,0.54173,9542 9544 9548 9570 9576 9577 9578 9582 9597
8,96,willow tree,33,forest,2,0.768035,0.099508,0.768035,0.945139,0.945102,0.443403,0.578109,0.453045,0.578109,9613 9617
8,96,willow tree,47,maple tree,20,0.647581,0.075011,0.647581,0.925635,0.927442,0.322187,0.440346,0.351112,0.440346,9604 9607 9609 9610 9618 9622 9627 9652 9653 9655 9659 9664 9666 9667 9672 9674 9679 9680 9691 9697
8,96,willow tree,52,oak tree,28,0.719973,0.146364,0.719973,0.949284,0.951946,0.490697,0.579966,0.516166,0.579966,9612 9614 9619 9620 9621 9624 9628 9629 9633 9634 9635 9636 9638 9640 9645 9649 9657 9658 9668 9675 9677 9678 9681 9684 9685 9687 9688 9699
8,96,willow tree,59,pine tree,3,0.693189,0.092242,0.693189,0.890984,0.89111,0.327361,0.409749,0.34237,0.409749,9603 9639 9663
8,97,wolf,34,fox,1,0.533845,0.365518,0.533845,0.914914,0.87873,0.4422,0.484054,0.480341,0.484054,9721
8,97,wolf,38,kangaroo,1,0.454201,0.067368,0.454201,0.960127,0.964635,0.290277,0.326583,0.269042,0.326583,9798
8,97,wolf,43,lion,1,0.369623,0.213642,0.369623,0.925917,0.898211,0.203086,0.286586,0.22607,0.286586,9714
8,97,wolf,50,mouse,1,0.446844,0.207784,0.446844,0.947151,0.910922,0.392751,0.466931,0.430571,0.466931,9786
8,97,wolf,52,oak tree,3,0.377078,0.286061,0.377078,0.88746,0.805801,0.265316,0.096715,0.28258,0.096715,9730 9767 9773
8,97,wolf,66,raccoon,1,0.53044,0.045308,0.53044,0.930153,0.927935,0.366729,0.459536,0.413957,0.465107,9764
8,98,woman,11,boy,1,0.537657,0.091487,0.537657,0.928118,0.918409,0.310834,0.423727,0.367216,0.423727,9818
8,98,woman,25,couch,2,0.852162,0.121516,0.852162,0.873417,0.828416,0.274145,0.418812,0.288069,0.418812,9812 9840
8,98,woman,35,girl,20,0.650541,0.154923,0.650541,0.873002,0.896506,0.311509,0.38646,0.352763,0.38646,9800 9804 9811 9828 9837 9839 9847 9850 9851 9852 9853 9861 9863 9867 9871 9884 9885 9894 9895 9898
8,98,woman,46,man,2,0.871614,0.064908,0.871614,0.808649,0.864025,0.209388,0.429975,0.269107,0.429975,9891 9899
8,98,woman,52,oak tree,6,0.400385,0.175514,0.400385,0.856457,0.829299,0.238642,0.149805,0.281735,0.149805,9835 9838 9843 9869 9873 9886
8,98,woman,84,table,1,0.52403,0.029867,0.52403,0.855105,0.823033,0.171369,0.309324,0.201233,0.37797,9875
8,99,worm,9,bottle,1,0.743788,0.046031,0.743788,0.814084,0.817385,0.194737,0.407426,0.244014,0.407426,9955
8,99,worm,23,cloud,1,0.569978,0.232279,0.569978,0.891755,0.925017,0.360728,0.373156,0.356657,0.373156,9905
8,99,worm,50,mouse,2,0.477842,0.27374,0.477842,0.904522,0.906006,0.333809,0.365079,0.38253,0.365079,9900 9965
8,99,worm,52,oak tree,2,0.348743,0.130362,0.348743,0.876643,0.867424,0.156719,0.131642,0.191226,0.131642,9909 9995
8,99,worm,78,snake,5,0.548586,0.059782,0.548586,0.896357,0.934549,0.422783,0.573381,0.439291,0.589147,9922 9929 9935 9944 9973
