class_id,class_name,intro_session,0:apple,1:aquarium fish,2:baby,3:bear,4:beaver,5:bed,6:bee,7:beetle,8:bicycle,9:bottle,10:bowl,11:boy,12:bridge,13:bus,14:butterfly,15:camel,16:can,17:castle,18:caterpillar,19:cattle,20:chair,21:chimpanzee,22:clock,23:cloud,24:cockroach,25:couch,26:crab,27:crocodile,28:cup,29:dinosaur,30:dolphin,31:elephant,32:flatfish,33:forest,34:fox,35:girl,36:hamster,37:house,38:kangaroo,39:keyboard,40:lamp,41:lawn mower,42:leopard,43:lion,44:lizard,45:lobster,46:man,47:maple tree,48:motorcycle,49:mountain,50:mouse,51:mushroom,52:oak tree,53:orange,54:orchid,55:otter,56:palm tree,57:pear,58:pickup truck,59:pine tree,60:plain,61:plate,62:poppy,63:porcupine,64:possum,65:rabbit,66:raccoon,67:ray,68:road,69:rocket,70:rose,71:sea,72:seal,73:shark,74:shrew,75:skunk,76:skyscraper,77:snail,78:snake,79:spider,80:squirrel,81:streetcar,82:sunflower,83:sweet pepper,84:table,85:tank,86:telephone,87:television,88:tiger,89:tractor,90:train,91:trout,92:tulip,93:turtle,94:wardrobe,95:whale,96:willow tree,97:wolf,98:woman,99:worm
0,apple,0,1.000000,0.129072,0.141032,0.165125,0.133107,0.083324,0.157145,0.158414,0.185416,0.252115,0.290628,0.167226,0.075644,0.122359,0.139541,0.039914,0.239204,0.136725,0.130699,0.138336,0.167088,0.112030,0.205954,0.107337,0.114867,0.166670,0.167091,0.088932,0.206529,0.111388,0.070906,0.092153,0.096065,0.117309,0.069878,0.159319,0.181241,0.145987,0.034162,0.093264,0.193300,0.123691,0.059360,0.128355,0.161721,0.204521,0.131847,0.189104,0.141052,0.092071,0.167150,0.173295,0.183715,0.392748,0.151456,0.141870,0.101301,0.515971,0.139721,0.174913,0.109996,0.195184,0.139102,0.071845,0.096034,0.089016,0.065166,0.079922,0.110403,0.101719,0.244376,0.061969,0.089477,0.060601,0.095733,0.137377,0.124462,0.196251,0.149383,0.133825,0.049642,0.116302,0.151307,0.310390,0.135034,0.116187,0.151076,0.154381,0.060912,0.081155,0.117746,0.114185,0.240679,0.081815,0.100033,0.139102,0.148977,0.087690,0.138565,0.162523
1,aquarium fish,0,0.129072,1.000000,0.095118,0.139828,0.170479,0.097657,0.194452,0.210359,0.071236,0.084520,0.179620,0.124927,0.053332,0.127743,0.244910,0.045861,0.129329,0.074195,0.183984,0.146639,0.043859,0.061061,0.124827,0.107425,0.166382,0.069831,0.226922,0.149145,0.107844,0.143931,0.176920,0.080213,0.327867,0.115958,0.146870,0.106690,0.212234,0.104399,0.051887,0.052396,0.089329,0.122238,0.122294,0.142523,0.218373,0.295694,0.081860,0.100175,0.125257,0.108718,0.172172,0.168655,0.039917,0.166619,0.140304,0.182826,0.087996,0.096171,0.115194,0.097064,0.066871,0.124314,0.130699,0.154586,0.088497,0.132232,0.048559,0.366611,0.050900,0.120709,0.182167,0.084418,0.147453,0.308637,0.142774,0.143152,0.102176,0.168822,0.111082,0.178476,0.122822,0.095438,0.136276,0.088347,0.043058,0.099046,0.036388,0.083758,0.120557,0.097228,0.103554,0.334622,0.148261,0.269926,0.042670,0.191242,0.064287,0.087137,0.046918,0.134469
2,baby,0,0.141032,0.095118,1.000000,0.147612,0.132371,0.279610,0.094716,0.109281,0.225788,0.159588,0.259579,0.735032,0.134552,0.148624,0.162734,0.075444,0.169015,0.216135,0.114751,0.132520,0.189071,0.136624,0.175539,0.208406,0.054479,0.295852,0.153227,0.168653,0.121539,0.171884,0.065925,0.113335,0.216341,0.259283,0.043294,0.701858,0.178795,0.258314,0.138699,0.114530,0.218100,0.181659,0.116076,0.095308,0.198451,0.168070,0.474166,0.213750,0.212140,0.157202,0.144556,0.092955,0.217143,0.142112,0.081726,0.181343,0.153182,0.160927,0.175507,0.244418,0.171514,0.242662,0.083982,0.140350,0.082958,0.207505,0.076732,0.144199,0.198914,0.062762,0.183795,0.157551,0.056410,0.061471,0.079441,0.231731,0.138238,0.120251,0.084750,0.131673,0.203146,0.098327,0.079670,0.113490,0.259261,0.092423,0.117227,0.214347,0.108508,0.137157,0.072180,0.156463,0.096778,0.138382,0.218915,0.098452,0.196380,0.057896,0.394402,0.125731
3,bear,0,0.165125,0.139828,0.147612,1.000000,0.489043,0.132459,0.189138,0.206800,0.144847,0.149513,0.166157,0.199061,0.144073,0.146923,0.201026,0.213779,0.129380,0.186523,0.197283,0.286491,0.127427,0.417729,0.153319,0.135195,0.161890,0.153571,0.159165,0.286999,0.070872,0.293184,0.171625,0.330059,0.224371,0.275670,0.311182,0.192510,0.289861,0.196182,0.252993,0.106222,0.135892,0.087282,0.323179,0.366155,0.228235,0.164600,0.214108,0.173112,0.086913,0.222662,0.258622,0.189199,0.171582,0.132154,0.125804,0.455090,0.127267,0.175476,0.134246,0.239518,0.195137,0.162683,0.064590,0.349862,0.322277,0.244470,0.361892,0.153112,0.148854,0.129444,0.150025,0.159794,0.391385,0.139085,0.288129,0.367202,0.149280,0.173178,0.153959,0.120479,0.311790,0.111548,0.123175,0.123321,0.110770,0.160404,0.130360,0.136831,0.209316,0.130619,0.107120,0.211293,0.094106,0.226027,0.072513,0.281305,0.203985,0.289282,0.180745,0.133809
4,beaver,0,0.133107,0.170479,0.132371,0.489043,1.000000,0.082085,0.202904,0.250851,0.142292,0.122117,0.196295,0.195816,0.188747,0.098280,0.249901,0.241734,0.105033,0.155118,0.210077,0.215417,0.124834,0.268280,0.104711,0.155257,0.195528,0.122301,0.237582,0.439420,0.074448,0.345576,0.176331,0.233877,0.319260,0.298878,0.257930,0.192164,0.330288,0.195486,0.362323,0.085899,0.120199,0.070078,0.357119,0.330196,0.323691,0.249012,0.191011,0.163449,0.116385,0.210417,0.491527,0.231627,0.152076,0.102304,0.062835,0.778023,0.168227,0.190482,0.086010,0.223086,0.154282,0.154752,0.061458,0.532421,0.372806,0.373005,0.360315,0.263449,0.136225,0.145210,0.131551,0.181673,0.480503,0.151076,0.557788,0.318936,0.155983,0.334617,0.200328,0.196265,0.414979,0.059954,0.114762,0.127200,0.113791,0.161389,0.078539,0.109317,0.213680,0.108324,0.085230,0.217921,0.066845,0.241745,0.051718,0.276014,0.257875,0.240532,0.165353,0.224772
5,bed,0,0.083324,0.097657,0.279610,0.132459,0.082085,1.000000,0.104626,0.059816,0.137019,0.150787,0.149854,0.224516,0.164146,0.146975,0.089363,0.106700,0.106914,0.164435,0.070256,0.080800,0.267630,0.069529,0.115449,0.112008,0.060831,0.369741,0.093739,0.118982,0.089473,0.106485,0.043413,0.122433,0.127514,0.129844,0.069967,0.224304,0.099576,0.209104,0.064270,0.077634,0.268082,0.119301,0.084473,0.132666,0.076289,0.139105,0.210673,0.131612,0.124812,0.099890,0.061677,0.095600,0.138286,0.073237,0.095282,0.107262,0.132574,0.088512,0.201734,0.158981,0.170567,0.141486,-0.010209,0.056251,0.043876,0.115068,0.054949,0.106232,0.142162,0.108704,0.099271,0.134688,0.053720,0.079482,0.014140,0.167475,0.075606,0.065525,0.071376,0.051513,0.041791,0.084333,0.040455,0.049570,0.306527,0.121759,0.104959,0.211371,0.108520,0.101161,0.070308,0.122593,0.043472,0.112657,0.390058,0.109856,0.076145,0.088561,0.165700,0.051635
6,bee,0,0.157145,0.194452,0.094716,0.189138,0.202904,0.104626,1.000000,0.438445,0.135536,0.135086,0.201078,0.143069,0.093174,0.152326,0.447293,0.156109,0.139904,0.164702,0.355806,0.095264,0.120197,0.139872,0.121068,0.166644,0.323918,0.054607,0.252175,0.188196,0.105724,0.192654,0.119446,0.094591,0.140739,0.117741,0.139255,0.147960,0.194301,0.134692,0.106934,0.150530,0.144653,0.126138,0.184574,0.181948,0.265084,0.276160,0.148041,0.124311,0.176587,0.122549,0.212267,0.203151,0.122301,0.150151,0.211561,0.213758,0.170204,0.151669,0.091118,0.169557,0.105766,0.155631,0.218237,0.200671,0.168879,0.137216,0.145354,0.122183,0.083057,0.159967,0.247407,0.118737,0.133282,0.135422,0.196994,0.210044,0.105509,0.254662,0.121239,0.303652,0.173334,0.099869,0.271737,0.118455,0.107642,0.143696,0.070734,0.137378,0.179128,0.143539,0.076781,0.169811,0.216462,0.211389,0.035182,0.177558,0.126009,0.104094,0.119168,0.181192
7,beetle,0,0.158414,0.210359,0.109281,0.206800,0.250851,0.059816,0.438445,1.000000,0.166246,0.139528,0.214673,0.165180,0.131488,0.164437,0.394645,0.126296,0.146047,0.146008,0.388619,0.129122,0.132158,0.170942,0.122206,0.155473,0.634806,0.058173,0.357430,0.245033,0.095487,0.195750,0.132392,0.080295,0.253694,0.203995,0.085029,0.137393,0.220369,0.141869,0.128364,0.135629,0.125567,0.129507,0.187925,0.166636,0.309661,0.381717,0.131277,0.159951,0.195039,0.112285,0.307371,0.211613,0.166866,0.079001,0.130162,0.273512,0.140139,0.140596,0.130154,0.214002,0.171212,0.158839,0.135001,0.179610,0.209890,0.225467,0.164707,0.194614,0.145727,0.135001,0.193602,0.101821,0.155257,0.097184,0.285540,0.302906,0.140446,0.394111,0.225352,0.490704,0.184501,0.155676,0.134611,0.145713,0.080312,0.159616,0.145055,0.112505,0.160657,0.140687,0.088623,0.207616,0.177041,0.263623,0.062111,0.194509,0.150667,0.108592,0.097493,0.280316
8,bicycle,0,0.185416,0.071236,0.225788,0.144847,0.142292,0.137019,0.135536,0.166246,1.000000,0.213207,0.216365,0.304284,0.185096,0.286031,0.238212,0.103406,0.150812,0.234164,0.118568,0.139528,0.211329,0.035041,0.227687,0.184748,0.137607,0.191593,0.206961,0.139037,0.129400,0.201904,0.026069,0.111933,0.133298,0.228507,0.127066,0.293300,0.103802,0.301342,0.165552,0.072528,0.229558,0.190367,0.083584,0.092891,0.197636,0.195111,0.280755,0.278290,0.436219,0.144624,0.125017,0.098464,0.267771,0.120694,0.097943,0.191158,0.196695,0.169782,0.290954,0.268767,0.197000,0.174757,0.054027,0.083346,0.078463,0.125169,0.082490,0.095677,0.261305,0.154707,0.161950,0.151102,0.035510,0.039550,0.138686,0.167713,0.168831,0.108866,0.153831,0.248529,0.089953,0.183114,0.112414,0.096749,0.234529,0.150227,0.135825,0.210283,0.087694,0.208175,0.119494,0.113829,0.081206,0.092682,0.162132,0.084252,0.218868,0.138970,0.202459,0.174147
9,bottle,0,0.252115,0.084520,0.159588,0.149513,0.122117,0.150787,0.135086,0.139528,0.213207,1.000000,0.325065,0.205094,0.131776,0.162988,0.163061,0.082107,0.503186,0.149330,0.136030,0.056744,0.246113,0.083391,0.227172,0.156862,0.107792,0.183938,0.139091,0.107506,0.286260,0.146816,0.073684,0.074295,0.140004,0.109569,0.086390,0.188137,0.087844,0.173371,0.102772,0.101889,0.313851,0.120706,0.071503,0.112444,0.080582,0.162483,0.254007,0.110780,0.194689,0.092075,0.085495,0.079925,0.115326,0.260474,0.097070,0.164500,0.126694,0.305356,0.186246,0.134674,0.126355,0.246951,0.056840,0.083029,0.041656,0.138995,0.097516,0.110680,0.124633,0.241588,0.167647,0.152571,0.061243,0.071585,0.063362,0.134377,0.172552,0.089723,0.119267,0.135647,0.103555,0.081434,0.121805,0.210051,0.188229,0.120447,0.201742,0.216195,0.086931,0.118139,0.118952,0.165617,0.091651,0.079293,0.159676,0.159875,0.098840,0.129676,0.200538,0.143875
10,bowl,0,0.290628,0.179620,0.259579,0.166157,0.196295,0.149854,0.201078,0.214673,0.216365,0.325065,1.000000,0.297394,0.142671,0.150596,0.249381,0.113473,0.356025,0.206117,0.186532,0.131511,0.254116,0.083489,0.334088,0.235498,0.134314,0.271129,0.266245,0.189547,0.645663,0.232011,0.085110,0.090261,0.273529,0.210538,0.088366,0.278249,0.188512,0.238262,0.112968,0.165235,0.429682,0.149784,0.102959,0.141025,0.200587,0.289037,0.277615,0.236997,0.220953,0.162157,0.199606,0.210271,0.215751,0.308455,0.139739,0.269336,0.137609,0.318421,0.195345,0.256460,0.173979,0.712612,0.162634,0.215650,0.100960,0.196122,0.084458,0.221961,0.161309,0.140724,0.281203,0.195697,0.126027,0.076201,0.165561,0.247860,0.145141,0.220418,0.148107,0.241311,0.117940,0.079829,0.174368,0.212538,0.342448,0.172596,0.197705,0.240210,0.111144,0.131463,0.105149,0.211487,0.204977,0.184930,0.168621,0.203954,0.176014,0.103293,0.229421,0.293348
11,boy,0,0.167226,0.124927,0.735032,0.199061,0.195816,0.224516,0.143069,0.165180,0.304284,0.205094,0.297394,1.000000,0.211116,0.239916,0.215274,0.124137,0.225345,0.283142,0.169323,0.186796,0.211345,0.148677,0.188453,0.288776,0.099601,0.304399,0.151627,0.225305,0.146957,0.224752,0.098805,0.147328,0.285891,0.369291,0.069347,0.958614,0.154108,0.367312,0.185655,0.139357,0.272204,0.198610,0.135430,0.111889,0.218691,0.198918,0.707461,0.335886,0.219706,0.220394,0.154772,0.134407,0.334612,0.158820,0.074883,0.263103,0.234216,0.168895,0.241758,0.382757,0.259346,0.262975,0.070137,0.184391,0.111632,0.268447,0.125762,0.175523,0.254856,0.111802,0.202049,0.219056,0.078890,0.096235,0.132845,0.284824,0.225137,0.142267,0.099469,0.178528,0.157162,0.155022,0.072606,0.144357,0.305543,0.142808,0.113645,0.245167,0.122681,0.181884,0.098144,0.209689,0.115385,0.157137,0.242224,0.147943,0.299180,0.091827,0.538166,0.144371
12,bridge,0,0.075644,0.053332,0.134552,0.144073,0.188747,0.164146,0.093174,0.131488,0.185096,0.131776,0.142671,0.211116,1.000000,0.229168,0.138198,0.085365,0.116298,0.398079,0.173398,0.131442,0.101472,0.060679,0.111588,0.316720,0.092834,0.159592,0.132002,0.200474,0.081495,0.157092,0.058607,0.126253,0.161936,0.340254,0.066177,0.206422,0.072083,0.341415,0.101587,0.128191,0.184703,0.149884,0.100257,0.079366,0.175145,0.189019,0.234953,0.263981,0.141270,0.253580,0.108509,0.097870,0.277621,0.071909,0.030801,0.261009,0.213198,0.041123,0.181962,0.313990,0.289240,0.153841,0.033775,0.107115,0.068140,0.126376,0.075486,0.115308,0.378886,0.215146,0.110072,0.349062,0.138258,0.060779,0.095062,0.195574,0.339124,0.110222,0.104528,0.124039,0.127962,0.197933,0.075485,0.067387,0.215731,0.166512,0.107534,0.174762,0.053348,0.225666,0.212708,0.145324,0.073308,0.129301,0.127371,0.156261,0.395638,0.077247,0.102968,0.142048
13,bus,0,0.122359,0.127743,0.148624,0.146923,0.098280,0.146975,0.152326,0.164437,0.286031,0.162988,0.150596,0.239916,0.229168,1.000000,0.188439,0.113925,0.192751,0.316575,0.144357,0.195211,0.148094,0.064888,0.179374,0.202957,0.095211,0.202125,0.102834,0.148934,0.133724,0.201114,0.075072,0.162116,0.131374,0.216739,0.098564,0.239677,0.079900,0.330557,0.148321,0.123308,0.196586,0.206953,0.100712,0.094165,0.212969,0.153937,0.267638,0.284071,0.318337,0.205629,0.079469,0.102113,0.269079,0.100179,0.082057,0.166435,0.204222,0.117578,0.440335,0.270009,0.217308,0.163153,0.099483,0.098687,0.069478,0.131605,0.084697,0.072881,0.292124,0.138013,0.137756,0.183065,0.102802,0.062529,0.081566,0.209426,0.239585,0.086398,0.134232,0.143257,0.091919,0.576085,0.150157,0.100991,0.155752,0.246975,0.201785,0.200214,0.068499,0.306793,0.388917,0.129371,0.074903,0.112489,0.146394,0.152459,0.196751,0.094120,0.138453,0.117541
14,butterfly,0,0.139541,0.244910,0.162734,0.201026,0.249901,0.089363,0.447293,0.394645,0.238212,0.163061,0.249381,0.215274,0.138198,0.188439,1.000000,0.123503,0.155436,0.206552,0.436835,0.128303,0.104582,0.104753,0.183570,0.186152,0.217008,0.124985,0.249889,0.189591,0.119434,0.195207,0.117326,0.086951,0.243605,0.221386,0.145465,0.210617,0.137415,0.187534,0.145236,0.101963,0.198654,0.089554,0.192177,0.155665,0.248394,0.309246,0.188608,0.180190,0.163008,0.186507,0.213882,0.240630,0.162201,0.147783,0.229092,0.267819,0.163069,0.169593,0.128367,0.229470,0.176453,0.218918,0.167726,0.226045,0.132581,0.225262,0.151929,0.260117,0.163002,0.134512,0.272794,0.136253,0.139881,0.095546,0.235774,0.305583,0.181076,0.298588,0.230358,0.319555,0.172082,0.125035,0.229721,0.116450,0.132300,0.143046,0.132980,0.145506,0.158687,0.132058,0.105261,0.195440,0.198661,0.216543,0.054437,0.213221,0.141529,0.121373,0.149370,0.269650
15,camel,0,0.039914,0.045861,0.075444,0.213779,0.241734,0.106700,0.156109,0.126296,0.103406,0.082107,0.113473,0.124137,0.085365,0.113925,0.123503,1.000000,0.067727,0.129254,0.107723,0.173311,0.092119,0.168827,0.097522,0.095781,0.091477,0.091447,0.118348,0.196598,0.047682,0.352562,0.137509,0.242321,0.121994,0.111566,0.093477,0.128838,0.107558,0.133697,0.241338,0.004705,0.097946,0.080049,0.162211,0.236679,0.150853,0.154922,0.121603,0.124482,0.143461,0.135254,0.138346,0.111889,0.134016,0.039728,0.033885,0.273244,0.133365,0.148061,0.138007,0.175536,0.189394,0.093039,0.026563,0.161372,0.135685,0.123767,0.153707,0.129438,0.089341,0.074138,0.087233,0.099953,0.190052,0.086679,0.097887,0.150873,0.078456,0.098170,0.067170,0.105220,0.160830,0.062869,0.097405,0.106808,0.113550,0.134509,0.077377,0.011418,0.075827,0.135270,0.095912,0.128170,0.061046,0.146285,0.073959,0.133472,0.097497,0.110695,0.098725,0.081309
16,can,0,0.239204,0.129329,0.169015,0.129380,0.105033,0.106914,0.139904,0.146047,0.150812,0.503186,0.356025,0.225345,0.116298,0.192751,0.155436,0.067727,1.000000,0.171887,0.108049,0.102997,0.130714,0.063426,0.216077,0.159758,0.137288,0.132701,0.108631,0.082416,0.267966,0.101668,0.097128,0.043004,0.148565,0.157844,0.106859,0.209213,0.152669,0.148461,0.123461,0.138952,0.273440,0.138627,0.102167,0.127990,0.097244,0.146036,0.235253,0.127380,0.195155,0.100779,0.129077,0.111714,0.122350,0.193787,0.070198,0.145083,0.107610,0.204516,0.185091,0.159782,0.110535,0.305521,0.071672,0.123333,0.048055,0.140477,0.135229,0.132660,0.090476,0.194228,0.168297,0.125764,0.090060,0.074284,0.087389,0.175031,0.158702,0.156314,0.119888,0.145584,0.113858,0.154910,0.139859,0.147232,0.184447,0.116642,0.164870,0.182999,0.107293,0.110190,0.139246,0.164312,0.120001,0.145109,0.147027,0.155841,0.095289,0.116285,0.167530,0.124525
17,castle,0,0.136725,0.074195,0.216135,0.186523,0.155118,0.164435,0.164702,0.146008,0.234164,0.149330,0.206117,0.283142,0.398079,0.316575,0.206552,0.129254,0.171887,1.000000,0.153490,0.175418,0.092687,0.165022,0.178045,0.338078,0.109923,0.199952,0.136630,0.236431,0.134954,0.183260,0.070310,0.155924,0.157123,0.355763,0.129612,0.284200,0.124177,0.474240,0.204344,0.133043,0.201957,0.163725,0.140461,0.124106,0.230267,0.183343,0.294927,0.383101,0.167379,0.306982,0.165711,0.142647,0.421240,0.139658,0.098120,0.233539,0.288927,0.126220,0.224834,0.404676,0.314026,0.193844,0.067686,0.122592,0.151784,0.176583,0.101222,0.102971,0.349579,0.182497,0.196540,0.257674,0.151412,0.042945,0.129028,0.233415,0.309450,0.158982,0.153618,0.167593,0.193976,0.264853,0.095501,0.106940,0.186282,0.180350,0.120802,0.202427,0.086355,0.235180,0.208639,0.167299,0.153298,0.147254,0.164562,0.139760,0.391059,0.150711,0.170838,0.111337
18,caterpillar,0,0.130699,0.183984,0.114751,0.197283,0.210077,0.070256,0.355806,0.388619,0.118568,0.136030,0.186532,0.169323,0.173398,0.144357,0.436835,0.107723,0.108049,0.153490,1.000000,0.065664,0.081530,0.136959,0.143689,0.177836,0.217586,0.086668,0.201306,0.245942,0.064536,0.214133,0.110651,0.113239,0.197922,0.220961,0.087363,0.156911,0.159873,0.144156,0.099803,0.071909,0.152779,0.077541,0.188253,0.182089,0.314813,0.283134,0.168635,0.154932,0.108092,0.138527,0.230016,0.197412,0.148208,0.106460,0.143690,0.268415,0.130061,0.174924,0.106042,0.215577,0.170639,0.171447,0.137786,0.209231,0.185515,0.185405,0.109013,0.206890,0.157501,0.131825,0.157211,0.137432,0.167529,0.096401,0.222853,0.276858,0.150419,0.323371,0.302600,0.306543,0.197874,0.111761,0.173360,0.178921,0.118411,0.181218,0.102588,0.086504,0.171231,0.135743,0.116259,0.193263,0.171471,0.194042,0.061316,0.158030,0.148366,0.069813,0.106882,0.387022
19,cattle,0,0.138336,0.146639,0.132520,0.286491,0.215417,0.080800,0.095264,0.129122,0.139528,0.056744,0.131511,0.186796,0.131442,0.195211,0.128303,0.173311,0.102997,0.175418,0.065664,1.000000,0.121897,0.188104,0.104680,0.154066,0.156867,0.150332,0.126569,0.183344,0.105371,0.218577,0.076458,0.216411,0.177411,0.197727,0.145907,0.168243,0.155765,0.177190,0.221541,0.097325,0.120166,0.095692,0.166916,0.296976,0.158319,0.111713,0.201760,0.211842,0.117869,0.176863,0.133109,0.155023,0.209092,0.096859,0.057873,0.185100,0.084384,0.101648,0.165840,0.184295,0.235212,0.095309,0.088029,0.129646,0.120518,0.183896,0.163435,0.105367,0.155761,0.100556,0.131491,0.118004,0.098415,0.069407,0.107471,0.197831,0.085575,0.099019,0.109232,0.121652,0.120049,0.115046,0.071832,0.107132,0.095703,0.132841,0.073993,0.085251,0.132206,0.161949,0.097878,0.167067,0.110717,0.168216,0.062060,0.142081,0.179756,0.138780,0.152035,0.117791
20,chair,0,0.167088,0.043859,0.189071,0.127427,0.124834,0.267630,0.120197,0.132158,0.211329,0.246113,0.254116,0.211345,0.101472,0.148094,0.104582,0.092119,0.130714,0.092687,0.081530,0.121897,1.000000,0.073089,0.231169,0.116447,0.138087,0.464882,0.162066,0.064903,0.216014,0.140489,0.077026,0.085813,0.081397,0.126680,0.102184,0.203505,0.091732,0.187066,0.081230,0.129565,0.314428,0.160890,0.053031,0.113233,0.066372,0.123702,0.195248,0.190878,0.215332,0.056045,0.092144,0.089744,0.157915,0.149889,0.093810,0.145780,0.147934,0.189243,0.215673,0.189360,0.090996,0.199627,0.042474,0.086711,0.013475,0.058582,0.082622,0.077521,0.040975,0.107487,0.151563,0.105377,0.079340,0.059742,0.079033,0.113505,0.126963,0.034580,0.105569,0.140562,0.060412,0.051325,0.096446,0.121949,0.333398,0.097302,0.230433,0.281564,0.071091,0.093492,0.025543,0.115345,0.095326,0.071506,0.295180,0.127806,0.095242,0.085159,0.183435,0.127709
21,chimpanzee,0,0.112030,0.061061,0.136624,0.417729,0.268280,0.069529,0.139872,0.170942,0.035041,0.083391,0.083489,0.148677,0.060679,0.064888,0.104753,0.168827,0.063426,0.165022,0.136959,0.188104,0.073089,1.000000,0.072604,0.086069,0.154038,0.033094,0.106014,0.232320,0.008948,0.241178,0.112704,0.266427,0.083301,0.164788,0.083709,0.140792,0.233067,0.129153,0.167176,0.066496,0.054233,0.100854,0.180436,0.229622,0.181647,0.138244,0.174142,0.103144,0.070157,0.083738,0.226863,0.158052,0.108154,0.071484,0.032382,0.268317,0.089663,0.068619,0.119761,0.126014,0.119003,0.070569,0.068238,0.188069,0.276632,0.177632,0.183879,0.105028,0.104520,0.095374,0.102083,0.027024,0.155309,0.105397,0.214411,0.235668,0.083059,0.176026,0.134578,0.059315,0.208416,0.045738,0.047124,0.076074,0.072911,0.121668,0.079706,0.070948,0.157624,0.126278,0.070412,0.123223,0.054241,0.179165,0.029458,0.158784,0.107511,0.117284,0.164569,0.062265
22,clock,0,0.205954,0.124827,0.175539,0.153319,0.104711,0.115449,0.121068,0.122206,0.227687,0.227172,0.334088,0.188453,0.111588,0.179374,0.183570,0.097522,0.216077,0.178045,0.143689,0.104680,0.231169,0.072604,1.000000,0.147986,0.072791,0.190690,0.205600,0.091222,0.249599,0.149992,0.063173,0.079986,0.180533,0.100379,0.094568,0.182911,0.124228,0.159077,0.087760,0.152643,0.385147,0.133274,0.097075,0.181734,0.141585,0.154246,0.206533,0.135360,0.215398,0.120021,0.099609,0.124795,0.106690,0.171921,0.137818,0.161902,0.131087,0.188122,0.195477,0.136023,0.115387,0.390778,0.065719,0.052877,0.053249,0.094480,0.060329,0.134994,0.113035,0.142412,0.235922,0.121745,0.105524,0.080308,0.056128,0.180006,0.143301,0.133289,0.139218,0.171821,0.105934,0.121995,0.198770,0.147713,0.208626,0.119983,0.267772,0.331472,0.114258,0.135811,0.124058,0.201433,0.197622,0.106321,0.194704,0.131323,0.057675,0.144336,0.172361,0.206682
23,cloud,0,0.107337,0.107425,0.208406,0.135195,0.155257,0.112008,0.166644,0.155473,0.184748,0.156862,0.235498,0.288776,0.316720,0.202957,0.186152,0.095781,0.159758,0.338078,0.177836,0.154066,0.116447,0.086069,0.147986,1.000000,0.073246,0.188314,0.144370,0.210603,0.168838,0.166111,0.139637,0.123108,0.201526,0.449081,0.040685,0.287190,0.073126,0.389835,0.134921,0.138407,0.294869,0.095131,0.096924,0.094815,0.169095,0.190686,0.330487,0.415105,0.155129,0.577645,0.127572,0.125907,0.468164,0.107814,0.052952,0.239731,0.367081,0.114945,0.160966,0.538106,0.587195,0.231021,0.093333,0.118652,0.072746,0.155761,0.092349,0.248243,0.423952,0.370348,0.163870,0.641770,0.140020,0.169960,0.134324,0.214241,0.397368,0.156857,0.102687,0.214221,0.131965,0.151697,0.123985,0.052038,0.184554,0.158038,0.059189,0.222621,0.065395,0.191322,0.181585,0.155175,0.070502,0.132821,0.104205,0.261297,0.414907,0.103440,0.276170,0.258987
24,cockroach,0,0.114867,0.166382,0.054479,0.161890,0.195528,0.060831,0.323918,0.634806,0.137607,0.107792,0.134314,0.099601,0.092834,0.095211,0.217008,0.091477,0.137288,0.109923,0.217586,0.156867,0.138087,0.154038,0.072791,0.073246,1.000000,0.033693,0.269084,0.130771,0.106233,0.137804,0.129843,0.057940,0.216040,0.100927,0.066723,0.075008,0.208886,0.112174,0.102421,0.100619,0.110834,0.121598,0.085561,0.147309,0.208726,0.315671,0.085005,0.096995,0.139202,0.039292,0.278362,0.149508,0.104459,0.041955,0.101901,0.174321,0.120513,0.113407,0.098789,0.116784,0.088792,0.075102,0.079440,0.103409,0.147476,0.153093,0.125278,0.121915,0.123512,0.116629,0.111760,0.065617,0.100027,0.074851,0.181388,0.199565,0.089836,0.225211,0.157722,0.430641,0.115851,0.092589,0.092667,0.010832,0.066179,0.116910,0.101323,0.092481,0.088267,0.108209,0.047871,0.184880,0.116387,0.178082,0.089138,0.164183,0.064032,0.078051,0.062740,0.248086
25,couch,0,0.166670,0.069831,0.295852,0.153571,0.122301,0.369741,0.054607,0.058173,0.191593,0.183938,0.271129,0.304399,0.159592,0.202125,0.124985,0.091447,0.132701,0.199952,0.086668,0.150332,0.464882,0.033094,0.190690,0.188314,0.033693,1.000000,0.087479,0.129132,0.171873,0.134280,0.044805,0.082956,0.128495,0.222615,0.094439,0.294027,0.084590,0.299106,0.112710,0.119337,0.363475,0.124397,0.105993,0.121368,0.118320,0.136602,0.307599,0.227459,0.214693,0.135401,0.116755,0.062139,0.221304,0.101191,0.053674,0.143673,0.173451,0.149171,0.206286,0.244790,0.240950,0.246726,0.048564,0.095779,0.090237,0.140732,0.113741,0.106216,0.188390,0.084933,0.163911,0.207883,0.047706,0.095119,0.094635,0.168446,0.137372,0.060084,0.091023,0.077234,0.118232,0.128055,0.080395,0.104460,0.359826,0.137601,0.168656,0.284081,0.113021,0.125184,0.086232,0.115750,0.072883,0.080815,0.324517,0.106492,0.166199,0.110079,0.227218,0.112410
26,crab,0,0.167091,0.226922,0.153227,0.159165,0.237582,0.093739,0.252175,0.357430,0.206961,0.139091,0.266245,0.151627,0.132002,0.102834,0.249889,0.118348,0.108631,0.136630,0.201306,0.126569,0.162066,0.106014,0.205600,0.144370,0.269084,0.087479,1.000000,0.275339,0.177580,0.259593,0.119004,0.102163,0.329292,0.173131,0.126484,0.137639,0.180744,0.158125,0.152636,0.036162,0.167295,0.134687,0.187151,0.171445,0.298760,0.712960,0.158407,0.106623,0.247211,0.132831,0.248486,0.264298,0.080745,0.151621,0.167839,0.293156,0.160365,0.176087,0.171889,0.143833,0.130721,0.182617,0.128920,0.167146,0.157127,0.195200,0.114651,0.237467,0.112207,0.118356,0.198256,0.123182,0.158028,0.128814,0.237018,0.167525,0.127121,0.296759,0.216179,0.462453,0.176309,0.097826,0.124589,0.174517,0.134250,0.179496,0.138679,0.137061,0.197656,0.162692,0.081374,0.230925,0.162378,0.331861,0.094313,0.160439,0.103166,0.161561,0.106489,0.275816
27,crocodile,0,0.088932,0.149145,0.168653,0.286999,0.439420,0.118982,0.188196,0.245033,0.139037,0.107506,0.189547,0.225305,0.200474,0.148934,0.189591,0.196598,0.082416,0.236431,0.245942,0.183344,0.064903,0.232320,0.091222,0.210603,0.130771,0.129132,0.275339,1.000000,0.101556,0.531131,0.267469,0.237642,0.315534,0.310492,0.212537,0.208306,0.190448,0.213332,0.271739,0.058485,0.125614,0.120601,0.312990,0.229234,0.554333,0.307959,0.236957,0.192776,0.107848,0.208851,0.296011,0.171356,0.204264,0.053145,0.057227,0.588310,0.173017,0.137114,0.136180,0.262648,0.222150,0.153051,0.071558,0.283471,0.244027,0.201968,0.237627,0.341380,0.170432,0.138360,0.118859,0.178669,0.342525,0.287163,0.367212,0.268687,0.133875,0.261488,0.226813,0.183500,0.294897,0.120539,0.077125,0.095111,0.131660,0.269665,0.090910,0.093481,0.193713,0.174982,0.096340,0.301948,0.078862,0.351276,0.052258,0.294238,0.273093,0.283376,0.162137,0.221664
28,cup,0,0.206529,0.107844,0.121539,0.070872,0.074448,0.089473,0.105724,0.095487,0.129400,0.286260,0.645663,0.146957,0.081495,0.133724,0.119434,0.047682,0.267966,0.134954,0.064536,0.105371,0.216014,0.008948,0.249599,0.168838,0.106233,0.171873,0.177580,0.101556,1.000000,0.123421,0.101824,0.041653,0.136683,0.094550,0.072970,0.141714,0.055996,0.134922,0.053916,0.134590,0.473877,0.102733,0.057167,0.090594,0.126547,0.181511,0.186946,0.154815,0.131961,0.091382,0.085798,0.157838,0.117632,0.199167,0.109595,0.147960,0.078607,0.199816,0.178953,0.154483,0.078779,0.405348,0.105764,0.116748,0.023811,0.067958,0.040491,0.106070,0.098071,0.114214,0.217979,0.127369,0.085193,0.081654,0.081739,0.111465,0.073673,0.081538,0.074436,0.175723,0.026380,0.059412,0.122501,0.136161,0.311794,0.080507,0.182328,0.178323,0.095303,0.066197,0.084091,0.157395,0.199571,0.091982,0.143830,0.191265,0.077998,0.078140,0.162586,0.156929
29,dinosaur,0,0.111388,0.143931,0.171884,0.293184,0.345576,0.106485,0.192654,0.195750,0.201904,0.146816,0.232011,0.224752,0.157092,0.201114,0.195207,0.352562,0.101668,0.183260,0.214133,0.218577,0.140489,0.241178,0.149992,0.166111,0.137804,0.134280,0.259593,0.531131,0.123421,1.000000,0.181023,0.344393,0.234958,0.236675,0.209767,0.203599,0.229125,0.203110,0.348182,0.063225,0.171507,0.098217,0.270819,0.217124,0.463125,0.267592,0.221653,0.157463,0.184769,0.151952,0.309539,0.164125,0.152261,0.101928,0.118970,0.445836,0.186081,0.178210,0.136269,0.226875,0.195065,0.206223,0.030554,0.293219,0.294199,0.203153,0.248560,0.229735,0.118620,0.145977,0.154403,0.147701,0.164197,0.161923,0.268054,0.272085,0.164187,0.154172,0.136627,0.204005,0.259643,0.168293,0.150470,0.126391,0.160553,0.205642,0.136680,0.137078,0.216564,0.182085,0.121064,0.229247,0.109667,0.284627,0.096760,0.266563,0.166570,0.208520,0.202831,0.211682
30,dolphin,0,0.070906,0.176920,0.065925,0.171625,0.176331,0.043413,0.119446,0.132392,0.026069,0.073684,0.085110,0.098805,0.058607,0.075072,0.117326,0.137509,0.097128,0.070310,0.110651,0.076458,0.077026,0.112704,0.063173,0.139637,0.129843,0.044805,0.119004,0.267469,0.101824,0.181023,1.000000,0.100111,0.243661,0.082145,0.090879,0.083623,0.084809,0.060614,0.116106,0.033356,0.051519,0.045009,0.075888,0.060138,0.200184,0.127263,0.102196,0.085800,0.043207,0.157049,0.135647,0.095248,0.081703,0.021198,0.042020,0.328469,0.078447,0.114092,0.101866,0.112528,0.088035,0.056470,0.055582,0.148189,0.112511,0.102832,0.140061,0.405115,0.050806,0.119858,0.096675,0.217468,0.209725,0.540972,0.156459,0.176631,0.079601,0.078682,0.124544,0.090484,0.126938,0.044618,0.063146,0.060279,0.057011,0.103678,0.068255,0.078747,0.031866,0.082104,0.012286,0.363660,0.067860,0.274679,0.046898,0.692800,0.107976,0.100258,0.118103,0.165733
31,elephant,0,0.092153,0.080213,0.113335,0.330059,0.233877,0.122433,0.094591,0.080295,0.111933,0.074295,0.090261,0.147328,0.126253,0.162116,0.086951,0.242321,0.043004,0.155924,0.113239,0.216411,0.085813,0.266427,0.079986,0.123108,0.057940,0.082956,0.102163,0.237642,0.041653,0.344393,0.100111,1.000000,0.139058,0.200597,0.086325,0.135483,0.137898,0.199661,0.168777,0.084209,0.115483,0.067860,0.178810,0.226006,0.151911,0.114218,0.139915,0.202947,0.094550,0.132076,0.141571,0.124409,0.206599,0.033808,0.072038,0.252701,0.183175,0.067306,0.145272,0.211273,0.202537,0.076795,0.009368,0.181289,0.132407,0.162048,0.151879,0.088547,0.121019,0.060317,0.095825,0.121758,0.172879,0.056874,0.133327,0.180777,0.119216,0.121770,0.105869,0.048805,0.138915,0.141544,0.074094,0.063470,0.106710,0.125899,0.140942,0.047165,0.109913,0.170030,0.141399,0.143097,0.052269,0.179940,0.060182,0.179259,0.189148,0.108071,0.089491,0.129332
32,flatfish,0,0.096065,0.327867,0.216341,0.224371,0.319260,0.127514,0.140739,0.253694,0.133298,0.140004,0.273529,0.285891,0.161936,0.131374,0.243605,0.121994,0.148565,0.157123,0.197922,0.177411,0.081397,0.083301,0.180533,0.201526,0.216040,0.128495,0.329292,0.315534,0.136683,0.234958,0.243661,0.139058,1.000000,0.237158,0.092006,0.257708,0.192693,0.201475,0.165102,0.092811,0.183179,0.080288,0.179712,0.147651,0.255593,0.306478,0.308733,0.175800,0.102694,0.197611,0.278446,0.206930,0.178355,0.105739,0.105499,0.347332,0.153194,0.227417,0.136580,0.237229,0.206868,0.249258,0.112284,0.274778,0.155899,0.244119,0.133678,0.538166,0.183461,0.149902,0.160407,0.255019,0.260627,0.233282,0.269976,0.231177,0.151230,0.274515,0.152673,0.219239,0.227109,0.132483,0.107256,0.053423,0.186393,0.181504,0.102655,0.138535,0.106757,0.125549,0.124392,0.394278,0.076178,0.367277,0.099913,0.330134,0.191423,0.094273,0.160850,0.281366
33,forest,0,0.117309,0.115958,0.259283,0.275670,0.298878,0.129844,0.117741,0.203995,0.228507,0.109569,0.210538,0.369291,0.340254,0.216739,0.221386,0.111566,0.157844,0.355763,0.220961,0.197727,0.126680,0.164788,0.100379,0.449081,0.100927,0.222615,0.173131,0.310492,0.094550,0.236675,0.082145,0.200597,0.237158,1.000000,0.120693,0.359694,0.109746,0.475242,0.221547,0.073501,0.233771,0.159373,0.214730,0.124655,0.240275,0.219529,0.336524,0.578406,0.180203,0.425325,0.183377,0.279399,0.564485,0.100688,0.067470,0.316729,0.405649,0.135152,0.196563,0.699333,0.454224,0.191576,0.050984,0.265700,0.137903,0.195438,0.197128,0.188500,0.471777,0.134600,0.162473,0.347721,0.172274,0.073354,0.291916,0.266846,0.259666,0.221061,0.198660,0.194301,0.246970,0.226656,0.116358,0.071533,0.214219,0.161640,0.086976,0.166934,0.106639,0.256038,0.179805,0.209107,0.093839,0.174124,0.166553,0.173832,0.616625,0.214595,0.197344,0.212356
34,fox,0,0.069878,0.146870,0.043294,0.311182,0.257930,0.069967,0.139255,0.085029,0.127066,0.086390,0.088366,0.069347,0.066177,0.098564,0.145465,0.093477,0.106859,0.129612,0.087363,0.145907,0.102184,0.083709,0.094568,0.040685,0.066723,0.094439,0.126484,0.212537,0.072970,0.209767,0.090879,0.086325,0.092006,0.120693,1.000000,0.072830,0.226602,0.089657,0.358290,0.020645,0.073874,0.035848,0.309856,0.254766,0.182515,0.145468,0.044042,0.074841,0.081763,0.099649,0.194868,0.157663,0.071436,0.123228,0.046570,0.263699,0.080996,0.112770,0.081581,0.101807,0.086596,0.090919,0.067678,0.238518,0.252148,0.185926,0.394258,0.081244,0.080162,0.117718,0.112176,0.053677,0.189946,0.071949,0.240999,0.169832,0.092582,0.103162,0.066787,0.117067,0.265892,0.065899,0.119067,0.099416,0.072155,0.040762,0.019096,0.045000,0.265027,0.077048,0.105151,0.135815,0.096310,0.116696,0.038721,0.136221,0.072124,0.364682,0.059480,0.020272
35,girl,0,0.159319,0.106690,0.701858,0.192510,0.192164,0.224304,0.147960,0.137393,0.293300,0.188137,0.278249,0.958614,0.206422,0.239677,0.210617,0.128838,0.209213,0.284200,0.156911,0.168243,0.203505,0.140792,0.182911,0.287190,0.075008,0.294027,0.137639,0.208306,0.141714,0.203599,0.083623,0.135483,0.257708,0.359694,0.072830,1.000000,0.152428,0.359175,0.174097,0.138322,0.261084,0.163057,0.136129,0.117746,0.206230,0.186142,0.686021,0.328378,0.208267,0.223326,0.145795,0.119222,0.327679,0.148858,0.079808,0.243662,0.241133,0.166358,0.232240,0.375053,0.245369,0.259176,0.073039,0.173824,0.105260,0.259363,0.113972,0.149195,0.249887,0.105596,0.219736,0.216018,0.068361,0.075557,0.131116,0.265337,0.223534,0.130068,0.084826,0.165617,0.144275,0.165393,0.089021,0.143800,0.309387,0.140598,0.114572,0.226944,0.116514,0.176314,0.090621,0.189961,0.125110,0.132962,0.241312,0.132748,0.301473,0.094705,0.615060,0.116624
36,hamster,0,0.181241,0.212234,0.178795,0.289861,0.330288,0.099576,0.194301,0.220369,0.103802,0.087844,0.188512,0.154108,0.072083,0.079900,0.137415,0.107558,0.152669,0.124177,0.159873,0.155765,0.091732,0.233067,0.124228,0.073126,0.208886,0.084590,0.180744,0.190448,0.055996,0.229125,0.084809,0.137898,0.192693,0.109746,0.226602,0.152428,1.000000,0.101383,0.242418,0.116119,0.102173,0.042738,0.219547,0.239009,0.274953,0.193391,0.102070,0.089266,0.109583,0.067106,0.751203,0.188523,0.070354,0.194088,0.127495,0.219933,0.045331,0.210616,0.072313,0.105422,0.072204,0.156923,0.106101,0.328682,0.480073,0.336685,0.205267,0.145516,0.018867,0.137812,0.152238,0.091394,0.134272,0.053431,0.435528,0.238937,0.085961,0.210176,0.151585,0.179038,0.314737,0.053712,0.097434,0.119439,0.053454,0.094233,0.079756,0.083818,0.148357,0.051484,0.045792,0.149795,0.126511,0.182407,0.119644,0.130361,0.070071,0.202230,0.103208,0.161590
37,house,0,0.145987,0.104399,0.258314,0.196182,0.195486,0.209104,0.134692,0.141869,0.301342,0.173371,0.238262,0.367312,0.341415,0.330557,0.187534,0.133697,0.148461,0.474240,0.144156,0.177190,0.187066,0.129153,0.159077,0.389835,0.112174,0.299106,0.158125,0.213332,0.134922,0.203110,0.060614,0.199661,0.201475,0.475242,0.089657,0.359175,0.101383,1.000000,0.204927,0.127647,0.282964,0.228531,0.096882,0.089839,0.171187,0.200551,0.363261,0.589045,0.239621,0.334147,0.125112,0.164299,0.569125,0.122377,0.073358,0.244057,0.441549,0.141606,0.352005,0.601008,0.356189,0.232850,0.095670,0.181322,0.106889,0.178728,0.143408,0.125445,0.462110,0.175985,0.240048,0.317841,0.079515,0.048251,0.137807,0.292618,0.323889,0.136401,0.122253,0.195285,0.195467,0.253970,0.134891,0.107444,0.274722,0.204768,0.086810,0.223483,0.051833,0.281205,0.199945,0.171697,0.112052,0.126892,0.231049,0.152130,0.475673,0.131507,0.203017,0.137530
38,kangaroo,0,0.034162,0.051887,0.138699,0.252993,0.362323,0.064270,0.106934,0.128364,0.165552,0.102772,0.112968,0.185655,0.101587,0.148321,0.145236,0.241338,0.123461,0.204344,0.099803,0.221541,0.081230,0.167176,0.087760,0.134921,0.102421,0.112710,0.152636,0.271739,0.053916,0.348182,0.116106,0.168777,0.165102,0.221547,0.358290,0.174097,0.242418,0.204927,1.000000,0.032523,0.089942,0.101105,0.339907,0.282037,0.216666,0.133594,0.166902,0.162605,0.119646,0.127221,0.349242,0.149054,0.169663,0.036712,0.060751,0.341809,0.166903,0.073623,0.074961,0.206308,0.174569,0.130795,0.026726,0.303390,0.303733,0.442017,0.390658,0.140029,0.148393,0.103563,0.091947,0.104588,0.184872,0.115487,0.314887,0.183999,0.132847,0.130712,0.110769,0.159448,0.355468,0.101239,0.078045,0.074306,0.143850,0.108830,0.080249,0.103704,0.242197,0.126677,0.092476,0.112766,0.070597,0.219395,0.119375,0.150386,0.157633,0.327360,0.122759,0.086406
39,keyboard,0,0.093264,0.052396,0.114530,0.106222,0.085899,0.077634,0.150530,0.135629,0.072528,0.101889,0.165235,0.139357,0.128191,0.123308,0.101963,0.004705,0.138952,0.133043,0.071909,0.097325,0.129565,0.066496,0.152643,0.138407,0.100619,0.119337,0.036162,0.058485,0.134590,0.063225,0.033356,0.084209,0.092811,0.073501,0.020645,0.138322,0.116119,0.127647,0.032523,1.000000,0.156027,0.094552,0.087521,0.061458,0.081025,0.064760,0.175192,0.103722,0.118223,0.077527,0.106470,0.098130,0.103668,0.106278,0.043782,0.099473,0.087054,0.094887,0.071299,0.106236,0.093179,0.137506,0.028495,0.059694,0.047443,0.064459,0.028353,0.036161,0.101973,0.074544,0.110036,0.122850,0.059498,0.028628,0.064797,0.125079,0.154636,0.091856,0.068818,0.121219,0.056053,0.095061,0.067851,0.080362,0.094574,0.098887,0.252534,0.289606,0.090298,0.066924,0.117599,0.102981,0.105301,0.096177,0.107955,0.081446,0.105122,0.047166,0.119822,0.131412
40,lamp,0,0.193300,0.089329,0.218100,0.135892,0.120199,0.268082,0.144653,0.125567,0.229558,0.313851,0.429682,0.272204,0.184703,0.196586,0.198654,0.097946,0.273440,0.201957,0.152779,0.120166,0.314428,0.054233,0.385147,0.294869,0.110834,0.363475,0.167295,0.125614,0.473877,0.171507,0.051519,0.115483,0.183179,0.233771,0.073874,0.261084,0.102173,0.282964,0.089942,0.156027,1.000000,0.177958,0.085748,0.112547,0.155408,0.218450,0.318444,0.277067,0.225955,0.198070,0.087637,0.197431,0.253919,0.183714,0.109980,0.175296,0.205086,0.244600,0.215108,0.298381,0.211749,0.321764,0.045548,0.096613,0.036106,0.141982,0.053838,0.141480,0.185438,0.251391,0.213742,0.246326,0.040258,0.101011,0.059930,0.247914,0.248777,0.153941,0.092567,0.174973,0.095598,0.139136,0.138046,0.114296,0.436356,0.156130,0.256502,0.341728,0.077068,0.129264,0.115397,0.191001,0.145531,0.121963,0.254792,0.138695,0.187902,0.080527,0.236060,0.214786
41,lawn mower,0,0.123691,0.122238,0.181659,0.087282,0.070078,0.119301,0.126138,0.129507,0.190367,0.120706,0.149784,0.198610,0.149884,0.206953,0.089554,0.080049,0.138627,0.163725,0.077541,0.095692,0.160890,0.100854,0.133274,0.095131,0.121598,0.124397,0.134687,0.120601,0.102733,0.098217,0.045009,0.067860,0.080288,0.159373,0.035848,0.163057,0.042738,0.228531,0.101105,0.094552,0.177958,1.000000,0.064814,0.062542,0.104071,0.135281,0.137715,0.120149,0.344596,0.098206,0.040372,0.082689,0.128120,0.087748,0.079825,0.121743,0.132199,0.105760,0.232601,0.167003,0.115774,0.147703,0.066835,0.038885,-0.018126,0.136589,0.047022,0.068908,0.121964,0.066936,0.086766,0.078631,0.083127,0.032415,0.025496,0.158631,0.096516,0.098845,0.052197,0.143976,0.062252,0.142791,0.084897,0.107379,0.148469,0.216214,0.189297,0.147473,0.039475,0.469009,0.149694,0.098040,0.101972,0.105579,0.073238,0.107024,0.129733,0.054119,0.037716,0.049384
42,leopard,0,0.059360,0.122294,0.116076,0.323179,0.357119,0.084473,0.184574,0.187925,0.083584,0.071503,0.102959,0.135430,0.100257,0.100712,0.192177,0.162211,0.102167,0.140461,0.188253,0.166916,0.053031,0.180436,0.097075,0.096924,0.085561,0.105993,0.187151,0.312990,0.057167,0.270819,0.075888,0.178810,0.179712,0.214730,0.309856,0.136129,0.219547,0.096882,0.339907,0.087521,0.085748,0.064814,1.000000,0.503605,0.285086,0.203011,0.130477,0.108730,0.106656,0.106706,0.305860,0.149704,0.102481,0.073105,0.070942,0.316071,0.076770,0.057084,0.094039,0.162366,0.167577,0.120683,0.022277,0.297925,0.258599,0.258793,0.310251,0.154297,0.096514,0.037583,0.110287,0.088330,0.188570,0.094809,0.281753,0.209837,0.124457,0.167442,0.143145,0.104082,0.358205,0.065227,0.114458,0.098848,0.057561,0.138997,0.108364,0.100752,0.677930,0.132785,0.111129,0.121403,0.115825,0.218191,0.038818,0.125615,0.110667,0.353756,0.112755,0.109513
43,lion,0,0.128355,0.142523,0.095308,0.366155,0.330196,0.132666,0.181948,0.166636,0.092891,0.112444,0.141025,0.111889,0.079366,0.094165,0.155665,0.236679,0.127990,0.124106,0.182089,0.296976,0.113233,0.229622,0.181734,0.094815,0.147309,0.121368,0.171445,0.229234,0.090594,0.217124,0.060138,0.226006,0.147651,0.124655,0.254766,0.117746,0.239009,0.089839,0.282037,0.061458,0.112547,0.062542,0.503605,1.000000,0.189113,0.176751,0.134874,0.089321,0.108375,0.087987,0.193275,0.156206,0.107609,0.115263,0.092354,0.272608,0.137750,0.131328,0.165570,0.141029,0.165084,0.152210,0.019738,0.157971,0.172695,0.223038,0.195920,0.129558,0.043534,0.126393,0.140807,0.053057,0.196316,0.084433,0.131218,0.186121,0.065299,0.128353,0.109562,0.116139,0.236744,0.059439,0.163474,0.107216,0.072810,0.156112,0.096359,0.100175,0.375427,0.126927,0.114574,0.176311,0.087074,0.146793,0.062110,0.128486,0.087591,0.245268,0.142352,0.096833
44,lizard,0,0.161721,0.218373,0.198451,0.228235,0.323691,0.076289,0.265084,0.309661,0.197636,0.080582,0.200587,0.218691,0.175145,0.212969,0.248394,0.150853,0.097244,0.230267,0.314813,0.158319,0.066372,0.181647,0.141585,0.169095,0.208726,0.118320,0.298760,0.554333,0.126547,0.463125,0.200184,0.151911,0.255593,0.240275,0.182515,0.206230,0.274953,0.171187,0.216666,0.081025,0.155408,0.104071,0.285086,0.189113,1.000000,0.330946,0.200780,0.156336,0.136286,0.134734,0.363639,0.241686,0.158335,0.106571,0.111309,0.453363,0.152235,0.152055,0.179992,0.200466,0.193442,0.179643,0.078436,0.254930,0.263481,0.198671,0.209462,0.290948,0.163293,0.155291,0.145018,0.170100,0.206189,0.234037,0.331127,0.276573,0.141073,0.333504,0.342253,0.331665,0.299226,0.124547,0.134505,0.132181,0.136311,0.213522,0.081673,0.171437,0.196950,0.146689,0.133445,0.284798,0.088174,0.287008,0.077960,0.195460,0.176229,0.136902,0.174836,0.352436
45,lobster,0,0.204521,0.295694,0.168070,0.164600,0.249012,0.139105,0.276160,0.381717,0.195111,0.162483,0.289037,0.198918,0.189019,0.153937,0.309246,0.154922,0.146036,0.183343,0.283134,0.111713,0.123702,0.138244,0.154246,0.190686,0.315671,0.136602,0.712960,0.307959,0.181511,0.267592,0.127263,0.114218,0.306478,0.219529,0.145468,0.186142,0.193391,0.200551,0.133594,0.064760,0.218450,0.135281,0.203011,0.176751,0.330946,1.000000,0.213786,0.178059,0.245924,0.157856,0.256717,0.211953,0.148599,0.166744,0.123739,0.309438,0.189439,0.191489,0.165463,0.214171,0.168706,0.213646,0.114320,0.158274,0.157746,0.225095,0.138449,0.311525,0.136661,0.130176,0.182125,0.162864,0.161440,0.167687,0.229570,0.244054,0.161278,0.308891,0.219908,0.415089,0.189587,0.122428,0.129767,0.204235,0.183657,0.200481,0.121628,0.154690,0.200555,0.158094,0.113946,0.253613,0.131735,0.305273,0.105947,0.183718,0.157760,0.142091,0.140422,0.311437
46,man,0,0.131847,0.081860,0.474166,0.214108,0.191011,0.210673,0.148041,0.131277,0.280755,0.254007,0.277615,0.707461,0.234953,0.267638,0.188608,0.121603,0.235253,0.294927,0.168635,0.201760,0.195248,0.174142,0.206533,0.330487,0.085005,0.307599,0.158407,0.236957,0.186946,0.221653,0.102196,0.139915,0.308733,0.336524,0.044042,0.686021,0.102070,0.363261,0.166902,0.175192,0.318444,0.137715,0.130477,0.134874,0.200780,0.213786,1.000000,0.328859,0.187380,0.259452,0.121477,0.109633,0.319784,0.144232,0.085984,0.256935,0.237738,0.168382,0.254102,0.381686,0.273216,0.253845,0.070215,0.145180,0.104031,0.204549,0.116350,0.169330,0.256942,0.145813,0.211116,0.267502,0.083283,0.117584,0.117166,0.239893,0.287579,0.093786,0.106817,0.174665,0.131105,0.168883,0.070295,0.122295,0.324535,0.164087,0.148427,0.295459,0.136188,0.179914,0.120801,0.220373,0.105643,0.135791,0.266956,0.159193,0.291114,0.108716,0.616035,0.173919
47,maple tree,0,0.189104,0.100175,0.213750,0.173112,0.163449,0.131612,0.124311,0.159951,0.278290,0.110780,0.236997,0.335886,0.263981,0.284071,0.180190,0.124482,0.127380,0.383101,0.154932,0.211842,0.190878,0.103144,0.135360,0.415105,0.096995,0.227459,0.106623,0.192776,0.154815,0.157463,0.085800,0.202947,0.175800,0.578406,0.074841,0.328378,0.089266,0.589045,0.162605,0.103722,0.277067,0.120149,0.108730,0.089321,0.156336,0.178059,0.328859,1.000000,0.182010,0.312242,0.120487,0.183256,0.876343,0.165759,0.067597,0.192856,0.403043,0.155756,0.300976,0.748466,0.400765,0.196519,0.082733,0.139063,0.088681,0.166659,0.118661,0.102868,0.411855,0.146915,0.237136,0.264987,0.089065,0.026871,0.124124,0.223177,0.323599,0.112251,0.120846,0.151315,0.159070,0.231024,0.107428,0.156354,0.183322,0.167072,0.068998,0.162566,0.048856,0.242289,0.175366,0.166768,0.153794,0.084867,0.175570,0.120668,0.642753,0.107670,0.198319,0.152937
48,motorcycle,0,0.141052,0.125257,0.212140,0.086913,0.116385,0.124812,0.176587,0.195039,0.436219,0.194689,0.220953,0.219706,0.141270,0.318337,0.163008,0.143461,0.195155,0.167379,0.108092,0.117869,0.215332,0.070157,0.215398,0.155129,0.139202,0.214693,0.247211,0.107848,0.131961,0.184769,0.043207,0.094550,0.102694,0.180203,0.081763,0.208267,0.109583,0.239621,0.119646,0.118223,0.225955,0.344596,0.106656,0.108375,0.136286,0.245924,0.187380,0.182010,1.000000,0.129942,0.108038,0.097246,0.152207,0.129146,0.101670,0.166498,0.183628,0.153096,0.327551,0.209278,0.152512,0.178554,0.101358,0.087735,0.047700,0.167120,0.083840,0.074679,0.205207,0.125865,0.137450,0.142476,0.063731,0.036842,0.093276,0.179406,0.140265,0.094869,0.092540,0.146357,0.082416,0.195092,0.132080,0.088128,0.176942,0.237406,0.167564,0.144664,0.097880,0.301621,0.212932,0.139708,0.145883,0.116868,0.118290,0.136674,0.118706,0.116557,0.104049,0.099650
49,mountain,0,0.092071,0.108718,0.157202,0.222662,0.210417,0.099890,0.122549,0.112285,0.144624,0.092075,0.162157,0.220394,0.253580,0.205629,0.186507,0.135254,0.100779,0.306982,0.138527,0.176863,0.056045,0.083738,0.120021,0.577645,0.039292,0.135401,0.132831,0.208851,0.091382,0.151952,0.157049,0.132076,0.197611,0.425325,0.099649,0.223326,0.067106,0.334147,0.127221,0.077527,0.198070,0.098206,0.106706,0.087987,0.134734,0.157856,0.259452,0.312242,0.129942,1.000000,0.101992,0.188173,0.337056,0.086244,0.054879,0.258094,0.298195,0.097994,0.125023,0.496503,0.481716,0.161457,0.098142,0.134814,0.054228,0.120400,0.094003,0.196921,0.346018,0.202348,0.135785,0.433499,0.216354,0.125889,0.152523,0.207077,0.276364,0.130594,0.119693,0.145253,0.145868,0.142804,0.105172,0.044582,0.123321,0.158399,0.059862,0.141432,0.077162,0.228158,0.179804,0.136370,0.098834,0.126044,0.113073,0.313664,0.325376,0.138320,0.168218,0.184630
50,mouse,0,0.167150,0.172172,0.144556,0.258622,0.491527,0.061677,0.212267,0.307371,0.125017,0.085495,0.199606,0.154772,0.108509,0.079469,0.213882,0.138346,0.129077,0.165711,0.230016,0.133109,0.092144,0.226863,0.099609,0.127572,0.278362,0.116755,0.248486,0.296011,0.085798,0.309539,0.135647,0.141571,0.278446,0.183377,0.194868,0.145795,0.751203,0.125112,0.349242,0.106470,0.087637,0.040372,0.305860,0.193275,0.363639,0.256717,0.121477,0.120487,0.108038,0.101992,1.000000,0.253601,0.101471,0.144549,0.110197,0.374734,0.088350,0.211424,0.058654,0.142418,0.113012,0.174953,0.111473,0.459599,0.656367,0.396764,0.320276,0.231028,0.075597,0.118714,0.140500,0.132221,0.202680,0.113572,0.768377,0.269498,0.092844,0.321846,0.218364,0.255247,0.417401,0.099389,0.105030,0.124997,0.083725,0.087724,0.119001,0.054996,0.210494,0.059084,0.078846,0.224184,0.137876,0.226367,0.102440,0.173778,0.118231,0.223809,0.103138,0.281368
51,mushroom,0,0.173295,0.168655,0.092955,0.189199,0.231627,0.095600,0.203151,0.211613,0.098464,0.079925,0.210271,0.134407,0.097870,0.102113,0.240630,0.111889,0.111714,0.142647,0.197412,0.155023,0.089744,0.158052,0.124795,0.125907,0.149508,0.062139,0.264298,0.171356,0.157838,0.164125,0.095248,0.124409,0.206930,0.279399,0.157663,0.119222,0.188523,0.164299,0.149054,0.098130,0.197431,0.082689,0.149704,0.156206,0.241686,0.211953,0.109633,0.183256,0.097246,0.188173,0.253601,1.000000,0.167947,0.168714,0.174396,0.227862,0.164094,0.212073,0.100953,0.218004,0.129563,0.153050,0.128383,0.276565,0.195109,0.194580,0.163544,0.190747,0.127425,0.096985,0.210170,0.141217,0.162440,0.079216,0.344624,0.221920,0.089555,0.329302,0.200409,0.232820,0.165303,0.130153,0.114583,0.129894,0.130857,0.083923,0.077664,0.065894,0.100284,0.071189,0.105544,0.197851,0.176486,0.213862,0.049678,0.113402,0.159978,0.148080,0.070965,0.212605
52,oak tree,0,0.183715,0.039917,0.217143,0.171582,0.152076,0.138286,0.122301,0.166866,0.267771,0.115326,0.215751,0.334612,0.277621,0.269079,0.162201,0.134016,0.122350,0.421240,0.148208,0.209092,0.157915,0.108154,0.106690,0.468164,0.104459,0.221304,0.080745,0.204264,0.117632,0.152261,0.081703,0.206599,0.178355,0.564485,0.071436,0.327679,0.070354,0.569125,0.169663,0.103668,0.253919,0.128120,0.102481,0.107609,0.158335,0.148599,0.319784,0.876343,0.152207,0.337056,0.101471,0.167947,1.000000,0.127380,0.040907,0.188123,0.416036,0.136302,0.273124,0.786008,0.522317,0.189817,0.075214,0.142662,0.069653,0.157028,0.085291,0.096917,0.486442,0.136593,0.220511,0.298333,0.081410,0.025554,0.100611,0.210977,0.275806,0.114961,0.137298,0.140787,0.141489,0.213745,0.101773,0.131563,0.194320,0.177735,0.072960,0.160011,0.050590,0.267743,0.190680,0.116161,0.132643,0.120839,0.170247,0.137140,0.685350,0.061579,0.184386,0.151924
53,orange,0,0.392748,0.166619,0.142112,0.132154,0.102304,0.073237,0.150151,0.079001,0.120694,0.260474,0.308455,0.158820,0.071909,0.100179,0.147783,0.039728,0.193787,0.139658,0.106460,0.096859,0.149889,0.071484,0.171921,0.107814,0.041955,0.101191,0.151621,0.053145,0.199167,0.101928,0.021198,0.033808,0.105739,0.100688,0.123228,0.148858,0.194088,0.122377,0.036712,0.106278,0.183714,0.087748,0.073105,0.115263,0.106571,0.166744,0.144232,0.165759,0.129146,0.086244,0.144549,0.168714,0.127380,1.000000,0.124873,0.082809,0.130983,0.456980,0.130374,0.128717,0.076679,0.219682,0.168987,0.127739,0.042404,0.094906,0.076278,0.091306,0.062990,0.117853,0.233500,0.077965,0.042690,0.034367,0.089602,0.114615,0.125944,0.122833,0.084904,0.085917,0.060084,0.057651,0.213231,0.259600,0.091057,0.039963,0.145646,0.085429,0.084306,0.104082,0.083986,0.156721,0.186733,0.072312,0.084081,0.117833,0.108164,0.088670,0.143321,0.140014
54,orchid,0,0.151456,0.140304,0.081726,0.125804,0.062835,0.095282,0.211561,0.130162,0.097943,0.097070,0.139739,0.074883,0.030801,0.082057,0.229092,0.033885,0.070198,0.098120,0.143690,0.057873,0.093810,0.032382,0.137818,0.052952,0.101901,0.053674,0.167839,0.057227,0.109595,0.118970,0.042020,0.072038,0.105499,0.067470,0.046570,0.079808,0.127495,0.073358,0.060751,0.043782,0.109980,0.079825,0.070942,0.092354,0.111309,0.123739,0.085984,0.067597,0.101670,0.054879,0.110197,0.174396,0.040907,0.124873,1.000000,0.084298,0.078225,0.138965,0.093127,0.086201,0.023742,0.107196,0.163605,0.083297,0.096294,0.054507,0.042327,0.133850,-0.000864,0.100064,0.228511,0.031930,0.045347,0.069888,0.095844,0.131502,0.056278,0.061281,0.086500,0.173816,0.047294,0.067266,0.098624,0.093236,0.091616,0.057220,0.040083,0.088295,0.101725,0.029985,0.010845,0.110221,0.273427,0.148238,0.083417,0.082944,0.028347,0.111985,0.099140,0.087337
55,otter,0,0.141870,0.182826,0.181343,0.455090,0.778023,0.107262,0.213758,0.273512,0.191158,0.164500,0.269336,0.263103,0.261009,0.166435,0.267819,0.273244,0.145083,0.233539,0.268415,0.185100,0.145780,0.268317,0.161902,0.239731,0.174321,0.143673,0.293156,0.588310,0.147960,0.445836,0.328469,0.252701,0.347332,0.316729,0.263699,0.243662,0.219933,0.244057,0.341809,0.099473,0.175296,0.121743,0.316071,0.272608,0.453363,0.309438,0.256935,0.192856,0.166498,0.258094,0.374734,0.227862,0.188123,0.082809,0.084298,1.000000,0.191720,0.202920,0.157093,0.273915,0.196977,0.196241,0.060796,0.428510,0.345458,0.312087,0.358216,0.367291,0.167246,0.142905,0.170990,0.264869,0.620004,0.267219,0.494473,0.400505,0.200030,0.347397,0.243113,0.251178,0.393627,0.107224,0.102616,0.139229,0.183425,0.215053,0.124283,0.162103,0.231805,0.141759,0.119564,0.284367,0.101211,0.348116,0.069213,0.388794,0.283474,0.242246,0.225995,0.296534
56,palm tree,0,0.101301,0.087996,0.153182,0.127267,0.168227,0.132574,0.170204,0.140139,0.196695,0.126694,0.137609,0.234216,0.213198,0.204222,0.163069,0.133365,0.107610,0.288927,0.130061,0.084384,0.147934,0.089663,0.131087,0.367081,0.120513,0.173451,0.160365,0.173017,0.078607,0.186081,0.078447,0.183175,0.153194,0.405649,0.080996,0.241133,0.045331,0.441549,0.166903,0.087054,0.205086,0.132199,0.076770,0.137750,0.152235,0.189439,0.237738,0.403043,0.183628,0.298195,0.088350,0.164094,0.416036,0.130983,0.078225,0.191720,1.000000,0.112393,0.211269,0.513353,0.320666,0.120715,0.068126,0.161680,0.080071,0.152705,0.115005,0.091124,0.286243,0.146126,0.146853,0.303510,0.129527,0.073841,0.109100,0.166052,0.248283,0.120755,0.086936,0.147569,0.115640,0.181124,0.147084,0.082418,0.159458,0.132121,0.068473,0.122967,0.068104,0.197344,0.149139,0.154863,0.108806,0.123997,0.138552,0.158675,0.380322,0.093895,0.209347,0.097491
57,pear,0,0.515971,0.096171,0.160927,0.175476,0.190482,0.088512,0.151669,0.140596,0.169782,0.305356,0.318421,0.168895,0.041123,0.117578,0.169593,0.148061,0.204516,0.126220,0.174924,0.101648,0.189243,0.068619,0.188122,0.114945,0.113407,0.149171,0.176087,0.137114,0.199816,0.178210,0.114092,0.067306,0.227417,0.135152,0.112770,0.166358,0.210616,0.141606,0.073623,0.094887,0.244600,0.105760,0.057084,0.131328,0.152055,0.191489,0.168382,0.155756,0.153096,0.097994,0.211424,0.212073,0.136302,0.456980,0.138965,0.202920,0.112393,1.000000,0.108267,0.213435,0.101962,0.246006,0.068757,0.131043,0.108718,0.140292,0.114757,0.159601,0.091041,0.151786,0.199447,0.102661,0.157048,0.082187,0.162844,0.120039,0.118383,0.187814,0.094630,0.182148,0.116204,0.071314,0.188523,0.304215,0.172868,0.087740,0.159590,0.125146,0.092862,0.067069,0.066830,0.139044,0.190640,0.103752,0.103726,0.163045,0.131176,0.068800,0.188693,0.185065
58,pickup truck,0,0.139721,0.115194,0.175507,0.134246,0.086010,0.201734,0.091118,0.130154,0.290954,0.186246,0.195345,0.241758,0.181962,0.440335,0.128367,0.138007,0.185091,0.224834,0.106042,0.165840,0.215673,0.119761,0.195477,0.160966,0.098789,0.206286,0.171889,0.136180,0.178953,0.136269,0.101866,0.145272,0.136580,0.196563,0.081581,0.232240,0.072313,0.352005,0.074961,0.071299,0.215108,0.232601,0.094039,0.165570,0.179992,0.165463,0.254102,0.300976,0.327551,0.125023,0.058654,0.100953,0.273124,0.130374,0.093127,0.157093,0.211269,0.108267,1.000000,0.284527,0.242213,0.163538,0.102811,0.102585,0.034510,0.127462,0.071590,0.108790,0.271192,0.128311,0.152320,0.140866,0.066200,0.121763,0.063604,0.176459,0.157121,0.091864,0.170507,0.159217,0.103656,0.215209,0.129896,0.130150,0.149203,0.268969,0.130676,0.168186,0.074450,0.343432,0.243398,0.166845,0.134373,0.163193,0.119823,0.161932,0.162989,0.104455,0.119877,0.104739
59,pine tree,0,0.174913,0.097064,0.244418,0.239518,0.223086,0.158981,0.169557,0.214002,0.268767,0.134674,0.256460,0.382757,0.313990,0.270009,0.229470,0.175536,0.159782,0.404676,0.215577,0.184295,0.189360,0.126014,0.136023,0.538106,0.116784,0.244790,0.143833,0.262648,0.154483,0.226875,0.112528,0.211273,0.237229,0.699333,0.101807,0.375053,0.105422,0.601008,0.206308,0.106236,0.298381,0.167003,0.162366,0.141029,0.200466,0.214171,0.381686,0.748466,0.209278,0.496503,0.142418,0.218004,0.786008,0.128717,0.086201,0.273915,0.513353,0.213435,0.284527,1.000000,0.545316,0.223570,0.086092,0.185382,0.092714,0.172407,0.124879,0.152913,0.474884,0.198834,0.233238,0.375317,0.152550,0.051269,0.158684,0.279195,0.317967,0.166263,0.172267,0.186591,0.198022,0.216358,0.146123,0.134010,0.229664,0.219791,0.082927,0.181559,0.085687,0.293260,0.207033,0.180826,0.133728,0.147442,0.196257,0.190277,0.621825,0.149676,0.229623,0.213824
60,plain,1,0.109996,0.066871,0.171514,0.195137,0.154282,0.170567,0.105766,0.171212,0.197000,0.126355,0.173979,0.259346,0.289240,0.217308,0.176453,0.189394,0.110535,0.314026,0.170639,0.235212,0.090996,0.119003,0.115387,0.587195,0.088792,0.240950,0.130721,0.222150,0.078779,0.195065,0.088035,0.202537,0.206868,0.454224,0.086596,0.245369,0.072204,0.356189,0.174569,0.093179,0.211749,0.115774,0.167577,0.165084,0.193442,0.168706,0.273216,0.400765,0.152512,0.481716,0.113012,0.129563,0.522317,0.076679,0.023742,0.196977,0.320666,0.101962,0.242213,0.545316,1.000000,0.152059,0.094641,0.122124,0.049660,0.118586,0.087377,0.164862,0.555279,0.263764,0.139383,0.502351,0.101243,0.095773,0.098158,0.209952,0.253381,0.135184,0.131491,0.165265,0.158325,0.151307,0.106920,0.066767,0.198148,0.217168,0.050567,0.186213,0.100483,0.297762,0.235591,0.146496,0.087597,0.124015,0.117408,0.227103,0.432094,0.089725,0.189271,0.171906
61,plate,1,0.195184,0.124314,0.242662,0.162683,0.154752,0.141486,0.155631,0.158839,0.174757,0.246951,0.712612,0.262975,0.153841,0.163153,0.218918,0.093039,0.305521,0.193844,0.171447,0.095309,0.199627,0.070569,0.390778,0.231021,0.075102,0.246726,0.182617,0.153051,0.405348,0.206223,0.056470,0.076795,0.249258,0.191576,0.090919,0.259176,0.156923,0.232850,0.130795,0.137506,0.321764,0.147703,0.120683,0.152210,0.179643,0.213646,0.253845,0.196519,0.178554,0.161457,0.174953,0.153050,0.189817,0.219682,0.107196,0.196241,0.120715,0.246006,0.163538,0.223570,0.152059,1.000000,0.147682,0.170662,0.089240,0.190902,0.089549,0.198460,0.141822,0.122256,0.268766,0.167203,0.094161,0.071684,0.140148,0.221721,0.149051,0.181535,0.122700,0.176675,0.120321,0.104486,0.171559,0.189228,0.314868,0.118809,0.201692,0.228453,0.108250,0.127340,0.109023,0.181331,0.172923,0.192443,0.162617,0.152755,0.153871,0.100470,0.188464,0.262748
62,poppy,1,0.139102,0.130699,0.083982,0.064590,0.061458,-0.010209,0.218237,0.135001,0.054027,0.056840,0.162634,0.070137,0.033775,0.099483,0.167726,0.026563,0.071672,0.067686,0.137786,0.088029,0.042474,0.068238,0.065719,0.093333,0.079440,0.048564,0.128920,0.071558,0.105764,0.030554,0.055582,0.009368,0.112284,0.050984,0.067678,0.073039,0.106101,0.095670,0.026726,0.028495,0.045548,0.066835,0.022277,0.019738,0.078436,0.114320,0.070215,0.082733,0.101358,0.098142,0.111473,0.128383,0.075214,0.168987,0.163605,0.060796,0.068126,0.068757,0.102811,0.086092,0.094641,0.147682,1.000000,0.109707,0.060499,0.059683,0.046300,0.095802,0.074227,0.038446,0.409986,0.046522,0.120183,0.057976,0.064518,0.042247,0.078113,0.109849,0.097549,0.088391,0.077201,0.110905,0.233461,0.164834,0.026765,0.053382,0.060668,0.051221,0.018262,0.080304,0.119172,0.098864,0.401978,0.157377,0.004433,0.108698,0.064859,0.059643,0.061482,0.090213
63,porcupine,1,0.071845,0.154586,0.140350,0.349862,0.532421,0.056251,0.200671,0.179610,0.083346,0.083029,0.215650,0.184391,0.107115,0.098687,0.226045,0.161372,0.123333,0.122592,0.209231,0.129646,0.086711,0.188069,0.052877,0.118652,0.103409,0.095779,0.167146,0.283471,0.116748,0.293219,0.148189,0.181289,0.274778,0.265700,0.238518,0.173824,0.328682,0.181322,0.303390,0.059694,0.096613,0.038885,0.297925,0.157971,0.254930,0.158274,0.145180,0.139063,0.087735,0.134814,0.459599,0.276565,0.142662,0.127739,0.083297,0.428510,0.161680,0.131043,0.102585,0.185382,0.122124,0.170662,0.109707,1.000000,0.475905,0.294354,0.453388,0.235373,0.129655,0.086110,0.125744,0.132162,0.329094,0.138885,0.550453,0.300033,0.103763,0.286245,0.105971,0.174403,0.303126,0.093173,0.154595,0.109971,0.107511,0.090080,0.057064,0.034249,0.110199,0.138949,0.088674,0.200330,0.083829,0.194630,0.061628,0.174362,0.208902,0.189082,0.080043,0.124361
64,possum,1,0.096034,0.088497,0.082958,0.322277,0.372806,0.043876,0.168879,0.209890,0.078463,0.041656,0.100960,0.111632,0.068140,0.069478,0.132581,0.135685,0.048055,0.151784,0.185515,0.120518,0.013475,0.276632,0.053249,0.072746,0.147476,0.090237,0.157127,0.244027,0.023811,0.294199,0.112511,0.132407,0.155899,0.137903,0.252148,0.105260,0.480073,0.106889,0.303733,0.047443,0.036106,-0.018126,0.258599,0.172695,0.263481,0.157746,0.104031,0.088681,0.047700,0.054228,0.656367,0.195109,0.069653,0.042404,0.096294,0.345458,0.080071,0.108718,0.034510,0.092714,0.049660,0.089240,0.060499,0.475905,1.000000,0.277696,0.483900,0.167498,0.072467,0.090382,0.122299,0.081884,0.191126,0.096403,0.604267,0.271635,0.082262,0.230437,0.128531,0.169830,0.422596,0.085874,0.012258,0.049985,0.066707,0.052899,0.039821,-0.003936,0.194021,0.046683,0.070032,0.148305,0.055349,0.211903,0.056041,0.100699,0.110438,0.253255,0.098052,0.135379
65,rabbit,2,0.089016,0.132232,0.207505,0.244470,0.373005,0.115068,0.137216,0.225467,0.125169,0.138995,0.196122,0.268447,0.126376,0.131605,0.225262,0.123767,0.140477,0.176583,0.185405,0.183896,0.058582,0.177632,0.094480,0.155761,0.153093,0.140732,0.195200,0.201968,0.067958,0.203153,0.102832,0.162048,0.244119,0.195438,0.185926,0.259363,0.336685,0.178728,0.442017,0.064459,0.141982,0.136589,0.258793,0.223038,0.198671,0.225095,0.204549,0.166659,0.167120,0.120400,0.396764,0.194580,0.157028,0.094906,0.054507,0.312087,0.152705,0.140292,0.127462,0.172407,0.118586,0.190902,0.059683,0.294354,0.277696,1.000000,0.239528,0.212889,0.105630,0.152923,0.127024,0.133117,0.205542,0.104979,0.336100,0.333216,0.121867,0.209210,0.160908,0.220270,0.357906,0.109722,0.069558,0.099688,0.155422,0.135373,0.111627,0.084916,0.219452,0.123169,0.097643,0.143705,0.132386,0.201396,0.155782,0.160392,0.171010,0.190257,0.154541,0.137411
66,raccoon,2,0.065166,0.048559,0.076732,0.361892,0.360315,0.054949,0.145354,0.164707,0.082490,0.097516,0.084458,0.125762,0.075486,0.084697,0.151929,0.153707,0.135229,0.101222,0.109013,0.163435,0.082622,0.183879,0.060329,0.092349,0.125278,0.113741,0.114651,0.237627,0.040491,0.248560,0.140061,0.151879,0.133678,0.197128,0.394258,0.113972,0.205267,0.143408,0.390658,0.028353,0.053838,0.047022,0.310251,0.195920,0.209462,0.138449,0.116350,0.118661,0.083840,0.094003,0.320276,0.163544,0.085291,0.076278,0.042327,0.358216,0.115005,0.114757,0.071590,0.124879,0.087377,0.089549,0.046300,0.453388,0.483900,0.239528,1.000000,0.138749,0.115083,0.066451,0.080925,0.083673,0.269223,0.107126,0.403132,0.328350,0.123560,0.121033,0.103440,0.157438,0.298755,0.090596,0.057544,0.115031,0.083039,0.120909,0.043289,0.033739,0.250248,0.084374,0.080116,0.122404,0.017019,0.165687,0.076610,0.127490,0.146416,0.353728,0.079834,0.116326
67,ray,2,0.079922,0.366611,0.144199,0.153112,0.263449,0.106232,0.122183,0.194614,0.095677,0.110680,0.221961,0.175523,0.115308,0.072881,0.260117,0.129438,0.132660,0.102971,0.206890,0.105367,0.077521,0.105028,0.134994,0.248243,0.121915,0.106216,0.237467,0.341380,0.106070,0.229735,0.405115,0.088547,0.538166,0.188500,0.081244,0.149195,0.145516,0.125445,0.140029,0.036161,0.141480,0.068908,0.154297,0.129558,0.290948,0.311525,0.169330,0.102868,0.074679,0.196921,0.231028,0.190747,0.096917,0.091306,0.133850,0.367291,0.091124,0.159601,0.108790,0.152913,0.164862,0.198460,0.095802,0.235373,0.167498,0.212889,0.138749,1.000000,0.087972,0.189242,0.131430,0.206291,0.206723,0.603244,0.250106,0.240399,0.110800,0.202267,0.179748,0.207421,0.183085,0.041335,0.079252,0.040760,0.142467,0.129176,0.030593,0.128095,0.090709,0.071805,0.082377,0.286523,0.099381,0.362334,0.059139,0.343873,0.091554,0.135627,0.117106,0.315469
68,road,2,0.110403,0.050900,0.198914,0.148854,0.136225,0.142162,0.083057,0.145727,0.261305,0.124633,0.161309,0.254856,0.378886,0.292124,0.163002,0.089341,0.090476,0.349579,0.157501,0.155761,0.040975,0.104520,0.113035,0.423952,0.123512,0.188390,0.112207,0.170432,0.098071,0.118620,0.050806,0.121019,0.183461,0.471777,0.080162,0.249887,0.018867,0.462110,0.148393,0.101973,0.185438,0.121964,0.096514,0.043534,0.163293,0.136661,0.256942,0.411855,0.205207,0.346018,0.075597,0.127425,0.486442,0.062990,-0.000864,0.167246,0.286243,0.091041,0.271192,0.474884,0.555279,0.141822,0.074227,0.129655,0.072467,0.105630,0.115083,0.087972,1.000000,0.131204,0.102027,0.375715,0.084497,0.035752,0.106679,0.190236,0.246352,0.152891,0.158435,0.134075,0.141574,0.235985,0.070839,0.056083,0.190274,0.174168,0.056758,0.125628,0.057179,0.239913,0.277160,0.141436,0.055048,0.085894,0.114862,0.121299,0.419463,0.085707,0.142640,0.158547
69,rocket,2,0.101719,0.120709,0.062762,0.129444,0.145210,0.108704,0.159967,0.135001,0.154707,0.241588,0.140724,0.111802,0.215146,0.138013,0.134512,0.074138,0.194228,0.182497,0.131825,0.100556,0.107487,0.095374,0.142412,0.370348,0.116629,0.084933,0.118356,0.138360,0.114214,0.145977,0.119858,0.060317,0.149902,0.134600,0.117718,0.105596,0.137812,0.175985,0.103563,0.074544,0.251391,0.066936,0.037583,0.126393,0.155291,0.130176,0.145813,0.146915,0.125865,0.202348,0.118714,0.096985,0.136593,0.117853,0.100064,0.142905,0.146126,0.151786,0.128311,0.198834,0.263764,0.122256,0.038446,0.086110,0.090382,0.152923,0.066451,0.189242,0.131204,1.000000,0.086127,0.260878,0.098418,0.116427,0.061508,0.193234,0.264463,0.107499,0.108502,0.146999,0.104120,0.099028,0.085114,0.113049,0.119704,0.258019,0.060336,0.145475,0.016408,0.186065,0.188793,0.126321,0.067660,0.119751,0.062406,0.208493,0.147578,0.086141,0.135844,0.227837
70,rose,3,0.244376,0.182167,0.183795,0.150025,0.131551,0.099271,0.247407,0.193602,0.161950,0.167647,0.281203,0.202049,0.110072,0.137756,0.272794,0.087233,0.168297,0.196540,0.157211,0.131491,0.151563,0.102083,0.235922,0.163870,0.111760,0.163911,0.198256,0.118859,0.217979,0.154403,0.096675,0.095825,0.160407,0.162473,0.112176,0.219736,0.152238,0.240048,0.091947,0.110036,0.213742,0.086766,0.110287,0.140807,0.145018,0.182125,0.211116,0.237136,0.137450,0.135785,0.140500,0.210170,0.220511,0.233500,0.228511,0.170990,0.146853,0.199447,0.152320,0.233238,0.139383,0.268766,0.409986,0.125744,0.122299,0.127024,0.080925,0.131430,0.102027,0.086127,1.000000,0.117164,0.102384,0.066289,0.131294,0.171588,0.188511,0.141550,0.108985,0.215264,0.134698,0.107814,0.179316,0.201563,0.162644,0.074791,0.139489,0.177873,0.106987,0.073959,0.089472,0.141157,0.437246,0.128177,0.093827,0.179832,0.166909,0.144611,0.192728,0.152175
71,sea,3,0.061969,0.084418,0.157551,0.159794,0.181673,0.134688,0.118737,0.101821,0.151102,0.152571,0.195697,0.219056,0.349062,0.183065,0.136253,0.099953,0.125764,0.257674,0.137432,0.118004,0.105377,0.027024,0.121745,0.641770,0.065617,0.207883,0.123182,0.178669,0.127369,0.147701,0.217468,0.121758,0.255019,0.347721,0.053677,0.216018,0.091394,0.317841,0.104588,0.122850,0.246326,0.078631,0.088330,0.053057,0.170100,0.162864,0.267502,0.264987,0.142476,0.433499,0.132221,0.141217,0.298333,0.077965,0.031930,0.264869,0.303510,0.102661,0.140866,0.375317,0.502351,0.167203,0.046522,0.132162,0.081884,0.133117,0.083673,0.206291,0.375715,0.260878,0.117164,1.000000,0.184098,0.179001,0.141577,0.160026,0.304386,0.112905,0.092398,0.131523,0.155663,0.116957,0.070634,0.038669,0.205946,0.117841,0.075679,0.194958,0.036165,0.148477,0.124067,0.192536,0.005449,0.152033,0.123236,0.358279,0.339531,0.091139,0.199533,0.206827
72,seal,3,0.089477,0.147453,0.056410,0.391385,0.480503,0.053720,0.133282,0.155257,0.035510,0.061243,0.126027,0.078890,0.138258,0.102802,0.139881,0.190052,0.090060,0.151412,0.167529,0.098415,0.079340,0.155309,0.105524,0.140020,0.100027,0.047706,0.158028,0.342525,0.085193,0.164197,0.209725,0.172879,0.260627,0.172274,0.189946,0.068361,0.134272,0.079515,0.184872,0.059498,0.040258,0.083127,0.188570,0.196316,0.206189,0.161440,0.083283,0.089065,0.063731,0.216354,0.202680,0.162440,0.081410,0.042690,0.045347,0.620004,0.129527,0.157048,0.066200,0.152550,0.101243,0.094161,0.120183,0.329094,0.191126,0.205542,0.269223,0.206723,0.084497,0.098418,0.102384,0.184098,1.000000,0.163466,0.282112,0.221324,0.088811,0.194827,0.120908,0.109899,0.252036,0.078773,0.106692,0.070518,0.071130,0.137167,0.061553,0.053595,0.140271,0.079752,0.110513,0.151425,0.073721,0.236784,0.023343,0.294455,0.148439,0.208507,0.070064,0.151919
73,shark,3,0.060601,0.308637,0.061471,0.139085,0.151076,0.079482,0.135422,0.097184,0.039550,0.071585,0.076201,0.096235,0.060779,0.062529,0.095546,0.086679,0.074284,0.042945,0.096401,0.069407,0.059742,0.105397,0.080308,0.169960,0.074851,0.095119,0.128814,0.287163,0.081654,0.161923,0.540972,0.056874,0.233282,0.073354,0.071949,0.075557,0.053431,0.048251,0.115487,0.028628,0.101011,0.032415,0.094809,0.084433,0.234037,0.167687,0.117584,0.026871,0.036842,0.125889,0.113572,0.079216,0.025554,0.034367,0.069888,0.267219,0.073841,0.082187,0.121763,0.051269,0.095773,0.071684,0.057976,0.138885,0.096403,0.104979,0.107126,0.603244,0.035752,0.116427,0.066289,0.179001,0.163466,1.000000,0.133966,0.101255,0.084747,0.045373,0.124953,0.064365,0.108136,0.034207,0.096705,0.025921,0.072323,0.063585,0.021561,0.102808,0.073938,0.053478,0.043119,0.289257,0.064092,0.358220,0.042810,0.417474,0.035063,0.120209,0.096070,0.154168
74,shrew,3,0.095733,0.142774,0.079441,0.288129,0.557788,0.014140,0.196994,0.285540,0.138686,0.063362,0.165561,0.132845,0.095062,0.081566,0.235774,0.097887,0.087389,0.129028,0.222853,0.107471,0.079033,0.214411,0.056128,0.134324,0.181388,0.094635,0.237018,0.367212,0.081739,0.268054,0.156459,0.133327,0.269976,0.291916,0.240999,0.131116,0.435528,0.137807,0.314887,0.064797,0.059930,0.025496,0.281753,0.131218,0.331127,0.229570,0.117166,0.124124,0.093276,0.152523,0.768377,0.344624,0.100611,0.089602,0.095844,0.494473,0.109100,0.162844,0.063604,0.158684,0.098158,0.140148,0.064518,0.550453,0.604267,0.336100,0.403132,0.250106,0.106679,0.061508,0.131294,0.141577,0.282112,0.133966,1.000000,0.263861,0.103215,0.355226,0.237099,0.242005,0.382760,0.149650,0.075526,0.105481,0.066755,0.069477,0.066650,0.015932,0.188445,0.073769,0.099663,0.219277,0.072475,0.183775,0.031913,0.180810,0.161923,0.283526,0.074696,0.258936
75,skunk,4,0.137377,0.143152,0.231731,0.367202,0.318936,0.167475,0.210044,0.302906,0.167713,0.134377,0.247860,0.284824,0.195574,0.209426,0.305583,0.150873,0.175031,0.233415,0.276858,0.197831,0.113505,0.235668,0.180006,0.214241,0.199565,0.168446,0.167525,0.268687,0.111465,0.272085,0.176631,0.180777,0.231177,0.266846,0.169832,0.265337,0.238937,0.292618,0.183999,0.125079,0.247914,0.158631,0.209837,0.186121,0.276573,0.244054,0.239893,0.223177,0.179406,0.207077,0.269498,0.221920,0.210977,0.114615,0.131502,0.400505,0.166052,0.120039,0.176459,0.279195,0.209952,0.221721,0.042247,0.300033,0.271635,0.333216,0.328350,0.240399,0.190236,0.193234,0.171588,0.160026,0.221324,0.101255,0.263861,1.000000,0.165557,0.277388,0.195905,0.212491,0.286894,0.171526,0.087224,0.152748,0.190626,0.197881,0.087403,0.156623,0.149591,0.178949,0.119524,0.184171,0.102567,0.203969,0.110793,0.269072,0.226277,0.141288,0.151507,0.293519
76,skyscraper,4,0.124462,0.102176,0.138238,0.149280,0.155983,0.075606,0.105509,0.140446,0.168831,0.172552,0.145141,0.225137,0.339124,0.239585,0.181076,0.078456,0.158702,0.309450,0.150419,0.085575,0.126963,0.083059,0.143301,0.397368,0.089836,0.137372,0.127121,0.133875,0.073673,0.164187,0.079601,0.119216,0.151230,0.259666,0.092582,0.223534,0.085961,0.323889,0.132847,0.154636,0.248777,0.096516,0.124457,0.065299,0.141073,0.161278,0.287579,0.323599,0.140265,0.276364,0.092844,0.089555,0.275806,0.125944,0.056278,0.200030,0.248283,0.118383,0.157121,0.317967,0.253381,0.149051,0.078113,0.103763,0.082262,0.121867,0.123560,0.110800,0.246352,0.264463,0.188511,0.304386,0.088811,0.084747,0.103215,0.165557,1.000000,0.126199,0.109868,0.162007,0.100534,0.217758,0.043819,0.081078,0.136452,0.175196,0.120467,0.242365,0.097500,0.170193,0.171538,0.110306,0.095576,0.078103,0.155864,0.146975,0.273524,0.092121,0.173352,0.148077
77,snail,4,0.196251,0.168822,0.120251,0.173178,0.334617,0.065525,0.254662,0.394111,0.108866,0.089723,0.220418,0.142267,0.110222,0.086398,0.298588,0.098170,0.156314,0.158982,0.323371,0.099019,0.034580,0.176026,0.133289,0.156857,0.225211,0.060084,0.296759,0.261488,0.081538,0.154172,0.078682,0.121770,0.274515,0.221061,0.103162,0.130068,0.210176,0.136401,0.130712,0.091856,0.153941,0.098845,0.167442,0.128353,0.333504,0.308891,0.093786,0.112251,0.094869,0.130594,0.321846,0.329302,0.114961,0.122833,0.061281,0.347397,0.120755,0.187814,0.091864,0.166263,0.135184,0.181535,0.109849,0.286245,0.230437,0.209210,0.121033,0.202267,0.152891,0.107499,0.141550,0.112905,0.194827,0.045373,0.355226,0.277388,0.126199,1.000000,0.288852,0.364778,0.289884,0.114233,0.093368,0.108038,0.103935,0.125879,0.115698,0.063655,0.114185,0.140888,0.081512,0.188468,0.129256,0.319588,0.034283,0.129709,0.149685,0.066502,0.065078,0.331319
78,snake,4,0.149383,0.111082,0.084750,0.153959,0.200328,0.071376,0.121239,0.225352,0.153831,0.119267,0.148107,0.099469,0.104528,0.134232,0.230358,0.067170,0.119888,0.153618,0.302600,0.109232,0.105569,0.134578,0.139218,0.102687,0.157722,0.091023,0.216179,0.226813,0.074436,0.136627,0.124544,0.105869,0.152673,0.198660,0.066787,0.084826,0.151585,0.122253,0.110769,0.068818,0.092567,0.052197,0.143145,0.109562,0.342253,0.219908,0.106817,0.120846,0.092540,0.119693,0.218364,0.200409,0.137298,0.084904,0.086500,0.243113,0.086936,0.094630,0.170507,0.172267,0.131491,0.122700,0.097549,0.105971,0.128531,0.160908,0.103440,0.179748,0.158435,0.108502,0.108985,0.092398,0.120908,0.124953,0.237099,0.195905,0.109868,0.288852,1.000000,0.198277,0.204696,0.111823,0.050894,0.088332,0.082018,0.153712,0.119453,0.103061,0.094435,0.113844,0.121881,0.193818,0.099553,0.170688,0.074341,0.120299,0.165210,0.092530,0.112434,0.558611
79,spider,4,0.133825,0.178476,0.131673,0.120479,0.196265,0.051513,0.303652,0.490704,0.248529,0.135647,0.241311,0.178528,0.124039,0.143257,0.319555,0.105220,0.145584,0.167593,0.306543,0.121652,0.140562,0.059315,0.171821,0.214221,0.430641,0.077234,0.462453,0.183500,0.175723,0.204005,0.090484,0.048805,0.219239,0.194301,0.117067,0.165617,0.179038,0.195285,0.159448,0.121219,0.174973,0.143976,0.104082,0.116139,0.331665,0.415089,0.174665,0.151315,0.146357,0.145253,0.255247,0.232820,0.140787,0.085917,0.173816,0.251178,0.147569,0.182148,0.159217,0.186591,0.165265,0.176675,0.088391,0.174403,0.169830,0.220270,0.157438,0.207421,0.134075,0.146999,0.215264,0.131523,0.109899,0.064365,0.242005,0.212491,0.162007,0.364778,0.198277,1.000000,0.162319,0.081376,0.115453,0.099564,0.142017,0.132541,0.097629,0.137659,0.143833,0.124546,0.061687,0.139567,0.177095,0.215319,0.130017,0.147125,0.135588,0.114765,0.139523,0.356851
80,squirrel,5,0.049642,0.122822,0.203146,0.311790,0.414979,0.041791,0.173334,0.184501,0.089953,0.103555,0.117940,0.157162,0.127962,0.091919,0.172082,0.160830,0.113858,0.193976,0.197874,0.120049,0.060412,0.208416,0.105934,0.131965,0.115851,0.118232,0.176309,0.294897,0.026380,0.259643,0.126938,0.138915,0.227109,0.246970,0.265892,0.144275,0.314737,0.195467,0.355468,0.056053,0.095598,0.062252,0.358205,0.236744,0.299226,0.189587,0.131105,0.159070,0.082416,0.145868,0.417401,0.165303,0.141489,0.060084,0.047294,0.393627,0.115640,0.116204,0.103656,0.198022,0.158325,0.120321,0.077201,0.303126,0.422596,0.357906,0.298755,0.183085,0.141574,0.104120,0.134698,0.155663,0.252036,0.108136,0.382760,0.286894,0.100534,0.289884,0.204696,0.162319,1.000000,0.077263,0.117008,0.084598,0.106988,0.122113,0.036954,0.109136,0.201952,0.144444,0.121893,0.146707,0.067327,0.218137,0.070567,0.155585,0.144029,0.309802,0.077448,0.159076
81,streetcar,5,0.116302,0.095438,0.098327,0.111548,0.059954,0.084333,0.099869,0.155676,0.183114,0.081434,0.079829,0.155022,0.197933,0.576085,0.125035,0.062869,0.154910,0.264853,0.111761,0.115046,0.051325,0.045738,0.121995,0.151697,0.092589,0.128055,0.097826,0.120539,0.059412,0.168293,0.044618,0.141544,0.132483,0.226656,0.065899,0.165393,0.053712,0.253970,0.101239,0.095061,0.139136,0.142791,0.065227,0.059439,0.124547,0.122428,0.168883,0.231024,0.195092,0.142804,0.099389,0.130153,0.213745,0.057651,0.067266,0.107224,0.181124,0.071314,0.215209,0.216358,0.151307,0.104486,0.110905,0.093173,0.085874,0.109722,0.090596,0.041335,0.235985,0.099028,0.107814,0.116957,0.078773,0.034207,0.149650,0.171526,0.217758,0.114233,0.111823,0.081376,0.077263,1.000000,0.116819,0.078389,0.122288,0.163064,0.134474,0.111017,0.021554,0.191556,0.513094,0.128501,0.061125,0.102499,0.139250,0.097584,0.165246,0.079649,0.110062,0.061206
82,sunflower,5,0.151307,0.136276,0.079670,0.123175,0.114762,0.040455,0.271737,0.134611,0.112414,0.121805,0.174368,0.072606,0.075485,0.150157,0.229721,0.097405,0.139859,0.095501,0.173360,0.071832,0.096446,0.047124,0.198770,0.123985,0.092667,0.080395,0.124589,0.077125,0.122501,0.150470,0.063146,0.074094,0.107256,0.116358,0.119067,0.089021,0.097434,0.134891,0.078045,0.067851,0.138046,0.084897,0.114458,0.163474,0.134505,0.129767,0.070295,0.107428,0.132080,0.105172,0.105030,0.114583,0.101773,0.213231,0.098624,0.102616,0.147084,0.188523,0.129896,0.146123,0.106920,0.171559,0.233461,0.154595,0.012258,0.069558,0.057544,0.079252,0.070839,0.085114,0.179316,0.070634,0.106692,0.096705,0.075526,0.087224,0.043819,0.093368,0.050894,0.115453,0.117008,0.116819,1.000000,0.173946,0.116701,0.058836,0.122795,0.086377,0.111521,0.179256,0.091655,0.124565,0.177060,0.124525,0.122686,0.156256,0.071726,0.036154,0.120705,0.061049
83,sweet pepper,5,0.310390,0.088347,0.113490,0.123321,0.127200,0.049570,0.118455,0.145713,0.096749,0.210051,0.212538,0.144357,0.067387,0.100991,0.116450,0.106808,0.147232,0.106940,0.178921,0.107132,0.121949,0.076074,0.147713,0.052038,0.010832,0.104460,0.174517,0.095111,0.136161,0.126391,0.060279,0.063470,0.053423,0.071533,0.099416,0.143800,0.119439,0.107444,0.074306,0.080362,0.114296,0.107379,0.098848,0.107216,0.132181,0.204235,0.122295,0.156354,0.088128,0.044582,0.124997,0.129894,0.131563,0.259600,0.093236,0.139229,0.082418,0.304215,0.130150,0.134010,0.066767,0.189228,0.164834,0.109971,0.049985,0.099688,0.115031,0.040760,0.056083,0.113049,0.201563,0.038669,0.070518,0.025921,0.105481,0.152748,0.081078,0.108038,0.088332,0.099564,0.084598,0.078389,0.173946,1.000000,0.069795,0.126653,0.155217,0.084448,0.057216,0.135908,0.097369,0.083599,0.195093,0.097402,0.035991,0.114720,0.094016,0.096846,0.129799,0.170425
84,table,5,0.135034,0.043058,0.259261,0.110770,0.113791,0.306527,0.107642,0.080312,0.234529,0.188229,0.342448,0.305543,0.215731,0.155752,0.132300,0.113550,0.184447,0.186282,0.118411,0.095703,0.333398,0.072911,0.208626,0.184554,0.066179,0.359826,0.134250,0.131660,0.311794,0.160553,0.057011,0.106710,0.186393,0.214219,0.072155,0.309387,0.053454,0.274722,0.143850,0.094574,0.436356,0.148469,0.057561,0.072810,0.136311,0.183657,0.324535,0.183322,0.176942,0.123321,0.083725,0.130857,0.194320,0.091057,0.091616,0.183425,0.159458,0.172868,0.149203,0.229664,0.198148,0.314868,0.026765,0.107511,0.066707,0.155422,0.083039,0.142467,0.190274,0.119704,0.162644,0.205946,0.071130,0.072323,0.066755,0.190626,0.136452,0.103935,0.082018,0.142017,0.106988,0.122288,0.116701,0.069795,1.000000,0.105662,0.104124,0.261625,0.065448,0.126688,0.053093,0.140962,0.070915,0.119642,0.377689,0.105602,0.190398,0.083846,0.210653,0.112001
85,tank,6,0.116187,0.099046,0.092423,0.160404,0.161389,0.121759,0.143696,0.159616,0.150227,0.120447,0.172596,0.142808,0.166512,0.246975,0.143046,0.134509,0.116642,0.180350,0.181218,0.132841,0.097302,0.121668,0.119983,0.158038,0.116910,0.137601,0.179496,0.269665,0.080507,0.205642,0.103678,0.125899,0.181504,0.161640,0.040762,0.140598,0.094233,0.204768,0.108830,0.098887,0.156130,0.216214,0.138997,0.156112,0.213522,0.200481,0.164087,0.167072,0.237406,0.158399,0.087724,0.083923,0.177735,0.039963,0.057220,0.215053,0.132121,0.087740,0.268969,0.219791,0.217168,0.118809,0.053382,0.090080,0.052899,0.135373,0.120909,0.129176,0.174168,0.258019,0.074791,0.117841,0.137167,0.063585,0.069477,0.197881,0.175196,0.125879,0.153712,0.132541,0.122113,0.163064,0.058836,0.126653,0.105662,1.000000,0.170741,0.106247,0.082405,0.397719,0.242257,0.162323,0.061022,0.142727,0.076586,0.198029,0.148594,0.092944,0.106933,0.144335
86,telephone,6,0.151076,0.036388,0.117227,0.130360,0.078539,0.104959,0.070734,0.145055,0.135825,0.201742,0.197705,0.113645,0.107534,0.201785,0.132980,0.077377,0.164870,0.120802,0.102588,0.073993,0.230433,0.079706,0.267772,0.059189,0.101323,0.168656,0.138679,0.090910,0.182328,0.136680,0.068255,0.140942,0.102655,0.086976,0.019096,0.114572,0.079756,0.086810,0.080249,0.252534,0.256502,0.189297,0.108364,0.096359,0.081673,0.121628,0.148427,0.068998,0.167564,0.059862,0.119001,0.077664,0.072960,0.145646,0.040083,0.124283,0.068473,0.159590,0.130676,0.082927,0.050567,0.201692,0.060668,0.057064,0.039821,0.111627,0.043289,0.030593,0.056758,0.060336,0.139489,0.075679,0.061553,0.021561,0.066650,0.087403,0.120467,0.115698,0.119453,0.097629,0.036954,0.134474,0.122795,0.155217,0.104124,0.170741,1.000000,0.281989,0.100506,0.092082,0.107852,0.112634,0.112789,0.098653,0.117945,0.153134,0.047455,0.059789,0.092091,0.133105
87,television,6,0.154381,0.083758,0.214347,0.136831,0.109317,0.211371,0.137378,0.112505,0.210283,0.216195,0.240210,0.245167,0.174762,0.200214,0.145506,0.011418,0.182999,0.202427,0.086504,0.085251,0.281564,0.070948,0.331472,0.222621,0.092481,0.284081,0.137061,0.093481,0.178323,0.137078,0.078747,0.047165,0.138535,0.166934,0.045000,0.226944,0.083818,0.223483,0.103704,0.289606,0.341728,0.147473,0.100752,0.100175,0.171437,0.154690,0.295459,0.162566,0.144664,0.141432,0.054996,0.065894,0.160011,0.085429,0.088295,0.162103,0.122967,0.125146,0.168186,0.181559,0.186213,0.228453,0.051221,0.034249,-0.003936,0.084916,0.033739,0.128095,0.125628,0.145475,0.177873,0.194958,0.053595,0.102808,0.015932,0.156623,0.242365,0.063655,0.103061,0.137659,0.109136,0.111017,0.086377,0.084448,0.261625,0.106247,0.281989,1.000000,0.090545,0.109761,0.105189,0.130662,0.106660,0.118609,0.336244,0.122813,0.117371,0.086949,0.205813,0.171230
88,tiger,6,0.060912,0.120557,0.108508,0.209316,0.213680,0.108520,0.179128,0.160657,0.087694,0.086931,0.111144,0.122681,0.053348,0.068499,0.158687,0.075827,0.107293,0.086355,0.171231,0.132206,0.071091,0.157624,0.114258,0.065395,0.088267,0.113021,0.197656,0.193713,0.095303,0.216564,0.031866,0.109913,0.106757,0.106639,0.265027,0.116514,0.148357,0.051833,0.242197,0.090298,0.077068,0.039475,0.677930,0.375427,0.196950,0.200555,0.136188,0.048856,0.097880,0.077162,0.210494,0.100284,0.050590,0.084306,0.101725,0.231805,0.068104,0.092862,0.074450,0.085687,0.100483,0.108250,0.018262,0.110199,0.194021,0.219452,0.250248,0.090709,0.057179,0.016408,0.106987,0.036165,0.140271,0.073938,0.188445,0.149591,0.097500,0.114185,0.094435,0.143833,0.201952,0.021554,0.111521,0.057216,0.065448,0.082405,0.100506,0.090545,1.000000,0.102511,0.079997,0.130087,0.096756,0.201997,0.046426,0.055449,0.041495,0.247067,0.119603,0.096787
89,tractor,6,0.081155,0.097228,0.137157,0.130619,0.108324,0.101161,0.143539,0.140687,0.208175,0.118139,0.131463,0.181884,0.225666,0.306793,0.132058,0.135270,0.110190,0.235180,0.135743,0.161949,0.093492,0.126278,0.135811,0.191322,0.108209,0.125184,0.162692,0.174982,0.066197,0.182085,0.082104,0.170030,0.125549,0.256038,0.077048,0.176314,0.051484,0.281205,0.126677,0.066924,0.129264,0.469009,0.132785,0.126927,0.146689,0.158094,0.179914,0.242289,0.301621,0.228158,0.059084,0.071189,0.267743,0.104082,0.029985,0.141759,0.197344,0.067069,0.343432,0.293260,0.297762,0.127340,0.080304,0.138949,0.046683,0.123169,0.084374,0.071805,0.239913,0.186065,0.073959,0.148477,0.079752,0.053478,0.073769,0.178949,0.170193,0.140888,0.113844,0.124546,0.144444,0.191556,0.179256,0.135908,0.126688,0.397719,0.092082,0.109761,0.102511,1.000000,0.308530,0.097673,0.081563,0.173090,0.063168,0.155013,0.207731,0.091803,0.088089,0.084854
90,train,7,0.117746,0.103554,0.072180,0.107120,0.085230,0.070308,0.076781,0.088623,0.119494,0.118952,0.105149,0.098144,0.212708,0.388917,0.105261,0.095912,0.139246,0.208639,0.116259,0.097878,0.025543,0.070412,0.124058,0.181585,0.047871,0.086232,0.081374,0.096340,0.084091,0.121064,0.012286,0.141399,0.124392,0.179805,0.105151,0.090621,0.045792,0.199945,0.092476,0.117599,0.115397,0.149694,0.111129,0.114574,0.133445,0.113946,0.120801,0.175366,0.212932,0.179804,0.078846,0.105544,0.190680,0.083986,0.010845,0.119564,0.149139,0.066830,0.243398,0.207033,0.235591,0.109023,0.119172,0.088674,0.070032,0.097643,0.080116,0.082377,0.277160,0.188793,0.089472,0.124067,0.110513,0.043119,0.099663,0.119524,0.171538,0.081512,0.121881,0.061687,0.121893,0.513094,0.091655,0.097369,0.053093,0.242257,0.107852,0.105189,0.079997,0.308530,1.000000,0.101685,0.086053,0.083259,0.055926,0.081320,0.131011,0.100642,0.056469,0.086699
91,trout,7,0.114185,0.334622,0.156463,0.211293,0.217921,0.122593,0.169811,0.207616,0.113829,0.165617,0.211487,0.209689,0.145324,0.129371,0.195440,0.128170,0.164312,0.167299,0.193263,0.167067,0.115345,0.123223,0.201433,0.155175,0.184880,0.115750,0.230925,0.301948,0.157395,0.229247,0.363660,0.143097,0.394278,0.209107,0.135815,0.189961,0.149795,0.171697,0.112766,0.102981,0.191001,0.098040,0.121403,0.176311,0.284798,0.253613,0.220373,0.166768,0.139708,0.136370,0.224184,0.197851,0.116161,0.156721,0.110221,0.284367,0.154863,0.139044,0.166845,0.180826,0.146496,0.181331,0.098864,0.200330,0.148305,0.143705,0.122404,0.286523,0.141436,0.126321,0.141157,0.192536,0.151425,0.289257,0.219277,0.184171,0.110306,0.188468,0.193818,0.139567,0.146707,0.128501,0.124565,0.083599,0.140962,0.162323,0.112634,0.130662,0.130087,0.097673,0.101685,1.000000,0.088428,0.241446,0.090717,0.328993,0.194180,0.152792,0.162217,0.244938
92,tulip,7,0.240679,0.148261,0.096778,0.094106,0.066845,0.043472,0.216462,0.177041,0.081206,0.091651,0.204977,0.115385,0.073308,0.074903,0.198661,0.061046,0.120001,0.153298,0.171471,0.110717,0.095326,0.054241,0.197622,0.070502,0.116387,0.072883,0.162378,0.078862,0.199571,0.109667,0.067860,0.052269,0.076178,0.093839,0.096310,0.125110,0.126511,0.112052,0.070597,0.105301,0.145531,0.101972,0.115825,0.087074,0.088174,0.131735,0.105643,0.153794,0.145883,0.098834,0.137876,0.176486,0.132643,0.186733,0.273427,0.101211,0.108806,0.190640,0.134373,0.133728,0.087597,0.172923,0.401978,0.083829,0.055349,0.132386,0.017019,0.099381,0.055048,0.067660,0.437246,0.005449,0.073721,0.064092,0.072475,0.102567,0.095576,0.129256,0.099553,0.177095,0.067327,0.061125,0.177060,0.195093,0.070915,0.061022,0.112789,0.106660,0.096756,0.081563,0.086053,0.088428,1.000000,0.127114,0.036676,0.132795,0.117968,0.069547,0.105707,0.143320
93,turtle,7,0.081815,0.269926,0.138382,0.226027,0.241745,0.112657,0.211389,0.263623,0.092682,0.079293,0.184930,0.157137,0.129301,0.112489,0.216543,0.146285,0.145109,0.147254,0.194042,0.168216,0.071506,0.179165,0.106321,0.132821,0.178082,0.080815,0.331861,0.351276,0.091982,0.284627,0.274679,0.179940,0.367277,0.174124,0.116696,0.132962,0.182407,0.126892,0.219395,0.096177,0.121963,0.105579,0.218191,0.146793,0.287008,0.305273,0.135791,0.084867,0.116868,0.126044,0.226367,0.213862,0.120839,0.072312,0.148238,0.348116,0.123997,0.103752,0.163193,0.147442,0.124015,0.192443,0.157377,0.194630,0.211903,0.201396,0.165687,0.362334,0.085894,0.119751,0.128177,0.152033,0.236784,0.358220,0.183775,0.203969,0.078103,0.319588,0.170688,0.215319,0.218137,0.102499,0.124525,0.097402,0.119642,0.142727,0.098653,0.118609,0.201997,0.173090,0.083259,0.241446,0.127114,1.000000,0.042701,0.284432,0.142336,0.144999,0.100894,0.174298
94,wardrobe,7,0.100033,0.042670,0.218915,0.072513,0.051718,0.390058,0.035182,0.062111,0.162132,0.159676,0.168621,0.242224,0.127371,0.146394,0.054437,0.073959,0.147027,0.164562,0.061316,0.062060,0.295180,0.029458,0.194704,0.104205,0.089138,0.324517,0.094313,0.052258,0.143830,0.096760,0.046898,0.060182,0.099913,0.166553,0.038721,0.241312,0.119644,0.231049,0.119375,0.107955,0.254792,0.073238,0.038818,0.062110,0.077960,0.105947,0.266956,0.175570,0.118290,0.113073,0.102440,0.049678,0.170247,0.084081,0.083417,0.069213,0.138552,0.103726,0.119823,0.196257,0.117408,0.162617,0.004433,0.061628,0.056041,0.155782,0.076610,0.059139,0.114862,0.062406,0.093827,0.123236,0.023343,0.042810,0.031913,0.110793,0.155864,0.034283,0.074341,0.130017,0.070567,0.139250,0.122686,0.035991,0.377689,0.076586,0.117945,0.336244,0.046426,0.063168,0.055926,0.090717,0.036676,0.042701,1.000000,0.055722,0.120468,0.071847,0.195582,0.091106
95,whale,8,0.139102,0.191242,0.098452,0.281305,0.276014,0.109856,0.177558,0.194509,0.084252,0.159875,0.203954,0.147943,0.156261,0.152459,0.213221,0.133472,0.155841,0.139760,0.158030,0.142081,0.127806,0.158784,0.131323,0.261297,0.164183,0.106492,0.160439,0.294238,0.191265,0.266563,0.692800,0.179259,0.330134,0.173832,0.136221,0.132748,0.130361,0.152130,0.150386,0.081446,0.138695,0.107024,0.125615,0.128486,0.195460,0.183718,0.159193,0.120668,0.136674,0.313664,0.173778,0.113402,0.137140,0.117833,0.082944,0.388794,0.158675,0.163045,0.161932,0.190277,0.227103,0.152755,0.108698,0.174362,0.100699,0.160392,0.127490,0.343873,0.121299,0.208493,0.179832,0.358279,0.294455,0.417474,0.180810,0.269072,0.146975,0.129709,0.120299,0.147125,0.155585,0.097584,0.156256,0.114720,0.105602,0.198029,0.153134,0.122813,0.055449,0.155013,0.081320,0.328993,0.132795,0.284432,0.055722,1.000000,0.134303,0.134913,0.181228,0.194438
96,willow tree,8,0.148977,0.064287,0.196380,0.203985,0.257875,0.076145,0.126009,0.150667,0.218868,0.098840,0.176014,0.299180,0.395638,0.196751,0.141529,0.097497,0.095289,0.391059,0.148366,0.179756,0.095242,0.107511,0.057675,0.414907,0.064032,0.166199,0.103166,0.273093,0.077998,0.166570,0.107976,0.189148,0.191423,0.616625,0.072124,0.301473,0.070071,0.475673,0.157633,0.105122,0.187902,0.129733,0.110667,0.087591,0.176229,0.157760,0.291114,0.642753,0.118706,0.325376,0.118231,0.159978,0.685350,0.108164,0.028347,0.283474,0.380322,0.131176,0.162989,0.621825,0.432094,0.153871,0.064859,0.208902,0.110438,0.171010,0.146416,0.091554,0.419463,0.147578,0.166909,0.339531,0.148439,0.035063,0.161923,0.226277,0.273524,0.149685,0.165210,0.135588,0.144029,0.165246,0.071726,0.094016,0.190398,0.148594,0.047455,0.117371,0.041495,0.207731,0.131011,0.194180,0.117968,0.142336,0.120468,0.134303,1.000000,0.077994,0.183210,0.156548
97,wolf,8,0.087690,0.087137,0.057896,0.289282,0.240532,0.088561,0.104094,0.108592,0.138970,0.129676,0.103293,0.091827,0.077247,0.094120,0.121373,0.110695,0.116285,0.150711,0.069813,0.138780,0.085159,0.117284,0.144336,0.103440,0.078051,0.110079,0.161561,0.283376,0.078140,0.208520,0.100258,0.108071,0.094273,0.214595,0.364682,0.094705,0.202230,0.131507,0.327360,0.047166,0.080527,0.054119,0.353756,0.245268,0.136902,0.142091,0.108716,0.107670,0.116557,0.138320,0.223809,0.148080,0.061579,0.088670,0.111985,0.242246,0.093895,0.068800,0.104455,0.149676,0.089725,0.100470,0.059643,0.189082,0.253255,0.190257,0.353728,0.135627,0.085707,0.086141,0.144611,0.091139,0.208507,0.120209,0.283526,0.141288,0.092121,0.066502,0.092530,0.114765,0.309802,0.079649,0.036154,0.096846,0.083846,0.092944,0.059789,0.086949,0.247067,0.091803,0.100642,0.152792,0.069547,0.144999,0.071847,0.134913,0.077994,1.000000,0.101963,0.087420
98,woman,8,0.138565,0.046918,0.394402,0.180745,0.165353,0.165700,0.119168,0.097493,0.202459,0.200538,0.229421,0.538166,0.102968,0.138453,0.149370,0.098725,0.167530,0.170838,0.106882,0.152035,0.183435,0.164569,0.172361,0.276170,0.062740,0.227218,0.106489,0.162137,0.162586,0.202831,0.118103,0.089491,0.160850,0.197344,0.059480,0.615060,0.103208,0.203017,0.122759,0.119822,0.236060,0.037716,0.112755,0.142352,0.174836,0.140422,0.616035,0.198319,0.104049,0.168218,0.103138,0.070965,0.184386,0.143321,0.099140,0.225995,0.209347,0.188693,0.119877,0.229623,0.189271,0.188464,0.061482,0.080043,0.098052,0.154541,0.079834,0.117106,0.142640,0.135844,0.192728,0.199533,0.070064,0.096070,0.074696,0.151507,0.173352,0.065078,0.112434,0.139523,0.077448,0.110062,0.120705,0.129799,0.210653,0.106933,0.092091,0.205813,0.119603,0.088089,0.056469,0.162217,0.105707,0.100894,0.195582,0.181228,0.183210,0.101963,1.000000,0.136202
99,worm,8,0.162523,0.134469,0.125731,0.133809,0.224772,0.051635,0.181192,0.280316,0.174147,0.143875,0.293348,0.144371,0.142048,0.117541,0.269650,0.081309,0.124525,0.111337,0.387022,0.117791,0.127709,0.062265,0.206682,0.258987,0.248086,0.112410,0.275816,0.221664,0.156929,0.211682,0.165733,0.129332,0.281366,0.212356,0.020272,0.116624,0.161590,0.137530,0.086406,0.131412,0.214786,0.049384,0.109513,0.096833,0.352436,0.311437,0.173919,0.152937,0.099650,0.184630,0.281368,0.212605,0.151924,0.140014,0.087337,0.296534,0.097491,0.185065,0.104739,0.213824,0.171906,0.262748,0.090213,0.124361,0.135379,0.137411,0.116326,0.315469,0.158547,0.227837,0.152175,0.206827,0.151919,0.154168,0.258936,0.293519,0.148077,0.331319,0.558611,0.356851,0.159076,0.061206,0.061049,0.170425,0.112001,0.144335,0.133105,0.171230,0.096787,0.084854,0.086699,0.244938,0.143320,0.174298,0.091106,0.194438,0.156548,0.087420,0.136202,1.000000
